{"version":1,"resource":"vscode-userdata:/c%3A/Users/Admin/AppData/Roaming/Code/User/profiles/13c4b99d/snippets/java.json","entries":[{"id":"8ZVo.json","timestamp":1750394860078},{"id":"XmpM.json","timestamp":1750396275957},{"id":"EUli.json","timestamp":1750396301981},{"id":"j3O0.json","timestamp":1750396317165},{"id":"6qOn.json","timestamp":1750396346378},{"id":"mage.json","timestamp":1750396364933},{"id":"TDmV.json","timestamp":1750396390338},{"id":"T3Dk.json","timestamp":1750396410732},{"id":"SgL5.json","timestamp":1750396500573},{"id":"KOEl.json","timestamp":1750396554208},{"id":"vN0G.json","timestamp":1750396590631},{"id":"J5Rl.json","timestamp":1750396603841},{"id":"gm5t.json","timestamp":1750396654291},{"id":"VmRe.json","timestamp":1750396755280},{"id":"mkMW.json","timestamp":1750396765793},{"id":"qtZH.json","timestamp":1750396780575},{"id":"VTL2.json","timestamp":1750396808577},{"id":"3pWv.json","timestamp":1750396820326},{"id":"xF8X.json","timestamp":1750396860306},{"id":"vtfq.json","timestamp":1750396918572},{"id":"Gmkv.json","timestamp":1750396976399},{"id":"uhAd.json","timestamp":1750396997391},{"id":"7C7g.json","timestamp":1750397037490},{"id":"KXQg.json","timestamp":1750397083580},{"id":"BpOV.json","timestamp":1750397141437},{"id":"wRXs.json","timestamp":1750397163589},{"id":"ftXX.json","timestamp":1750397196099},{"id":"Y9ov.json","timestamp":1750397218441},{"id":"2mv6.json","timestamp":1750397256584},{"id":"9RBK.json","timestamp":1750397274280},{"id":"RUci.json","timestamp":1750397332879},{"id":"v5Zp.json","timestamp":1750397363531},{"id":"7em9.json","timestamp":1750397409428},{"id":"J8bo.json","timestamp":1750397422624},{"id":"2Axz.json","timestamp":1750397503710},{"id":"wexr.json","timestamp":1750397523316},{"id":"14jI.json","timestamp":1750397536321},{"id":"rLbP.json","timestamp":1750397577155},{"id":"xtQ0.json","timestamp":1750398039714},{"id":"X8KA.json","timestamp":1750398109756},{"id":"2ilW.json","timestamp":1750398858890},{"id":"ong0.json","timestamp":1750398976317},{"id":"uE5o.json","timestamp":1750399058785},{"id":"Q3id.json","timestamp":1750399077556},{"id":"iFgs.json","timestamp":1750399150100},{"id":"DGbQ.json","timestamp":1750399165947},{"id":"37B8.json","timestamp":1750399223723},{"id":"rbH7.json","timestamp":1750399264540},{"id":"edyw.json","timestamp":1750400296907}]}