{"ref":"b390b19f-5cd9-46c0-a995-188eb07cfe7e","syncData":{"version":1,"machineId":"e2f537a8-6d5d-47f5-addb-e722de604f84","content":"{\"storage\":{\"workbench.panel.chat.hidden\":{\"version\":1,\"value\":\"[{\\\"id\\\":\\\"workbench.panel.chat.view.copilot\\\",\\\"isHidden\\\":false}]\"},\"workbench.explorer.views.state.hidden\":{\"version\":1,\"value\":\"[{\\\"id\\\":\\\"outline\\\",\\\"isHidden\\\":false},{\\\"id\\\":\\\"timeline\\\",\\\"isHidden\\\":false},{\\\"id\\\":\\\"workbench.explorer.openEditorsView\\\",\\\"isHidden\\\":true},{\\\"id\\\":\\\"workbench.explorer.emptyView\\\",\\\"isHidden\\\":false}]\"},\"workbench.view.search.state.hidden\":{\"version\":1,\"value\":\"[{\\\"id\\\":\\\"workbench.view.search\\\",\\\"isHidden\\\":false}]\"},\"workbench.scm.views.state.hidden\":{\"version\":1,\"value\":\"[{\\\"id\\\":\\\"workbench.scm.repositories\\\",\\\"isHidden\\\":true},{\\\"id\\\":\\\"workbench.scm\\\",\\\"isHidden\\\":false},{\\\"id\\\":\\\"workbench.scm.history\\\",\\\"isHidden\\\":false}]\"},\"workbench.panel.markers.hidden\":{\"version\":1,\"value\":\"[{\\\"id\\\":\\\"workbench.panel.markers.view\\\",\\\"isHidden\\\":false}]\"},\"workbench.panel.output.hidden\":{\"version\":1,\"value\":\"[{\\\"id\\\":\\\"workbench.panel.output\\\",\\\"isHidden\\\":false}]\"},\"terminal.hidden\":{\"version\":1,\"value\":\"[{\\\"id\\\":\\\"terminal\\\",\\\"isHidden\\\":false}]\"},\"workbench.activityBar.location\":{\"version\":1,\"value\":\"default\"},\"workbench.activity.pinnedViewlets2\":{\"version\":1,\"value\":\"[{\\\"id\\\":\\\"workbench.view.explorer\\\",\\\"pinned\\\":true,\\\"visible\\\":false,\\\"order\\\":0},{\\\"id\\\":\\\"workbench.view.search\\\",\\\"pinned\\\":true,\\\"visible\\\":false,\\\"order\\\":1},{\\\"id\\\":\\\"workbench.view.scm\\\",\\\"pinned\\\":true,\\\"visible\\\":false,\\\"order\\\":2},{\\\"id\\\":\\\"workbench.view.debug\\\",\\\"pinned\\\":true,\\\"visible\\\":false,\\\"order\\\":3},{\\\"id\\\":\\\"workbench.view.remote\\\",\\\"pinned\\\":true,\\\"visible\\\":false,\\\"order\\\":4},{\\\"id\\\":\\\"workbench.view.extensions\\\",\\\"pinned\\\":true,\\\"visible\\\":false,\\\"order\\\":4},{\\\"id\\\":\\\"workbench.view.extension.test\\\",\\\"pinned\\\":true,\\\"visible\\\":false,\\\"order\\\":6},{\\\"id\\\":\\\"workbench.view.extension.references-view\\\",\\\"pinned\\\":true,\\\"visible\\\":false,\\\"order\\\":7},{\\\"id\\\":\\\"workbench.view.sync\\\",\\\"pinned\\\":true,\\\"visible\\\":false},{\\\"id\\\":\\\"workbench.view.editSessions\\\",\\\"pinned\\\":true,\\\"visible\\\":false}]\"},\"workbench.panel.pinnedPanels\":{\"version\":1,\"value\":\"[{\\\"id\\\":\\\"workbench.panel.markers\\\",\\\"pinned\\\":true,\\\"visible\\\":false,\\\"order\\\":0},{\\\"id\\\":\\\"workbench.panel.output\\\",\\\"pinned\\\":true,\\\"visible\\\":false,\\\"order\\\":1},{\\\"id\\\":\\\"workbench.panel.repl\\\",\\\"pinned\\\":true,\\\"visible\\\":false,\\\"order\\\":2},{\\\"id\\\":\\\"terminal\\\",\\\"pinned\\\":true,\\\"visible\\\":false,\\\"order\\\":3},{\\\"id\\\":\\\"workbench.panel.testResults\\\",\\\"pinned\\\":true,\\\"visible\\\":false,\\\"order\\\":3},{\\\"id\\\":\\\"~remote.forwardedPortsContainer\\\",\\\"pinned\\\":true,\\\"visible\\\":false,\\\"order\\\":5},{\\\"id\\\":\\\"refactorPreview\\\",\\\"pinned\\\":true,\\\"visible\\\":false}]\"},\"workbench.auxiliarybar.pinnedPanels\":{\"version\":1,\"value\":\"[{\\\"id\\\":\\\"workbench.panel.chat\\\",\\\"pinned\\\":true,\\\"visible\\\":false,\\\"order\\\":100}]\"},\"colorThemeData\":{\"version\":1,\"value\":\"{\\\"id\\\":\\\"vs-dark vscode-theme-monokai-themes-monokai-color-theme-json\\\",\\\"label\\\":\\\"Monokai\\\",\\\"settingsId\\\":\\\"Monokai\\\",\\\"themeTokenColors\\\":[{\\\"settings\\\":{\\\"foreground\\\":\\\"#F8F8F2\\\"}},{\\\"settings\\\":{\\\"foreground\\\":\\\"#F8F8F2\\\"},\\\"scope\\\":[\\\"meta.embedded\\\",\\\"source.groovy.embedded\\\",\\\"string meta.image.inline.markdown\\\",\\\"variable.legacy.builtin.python\\\"]},{\\\"settings\\\":{\\\"foreground\\\":\\\"#88846f\\\"},\\\"scope\\\":\\\"comment\\\"},{\\\"settings\\\":{\\\"foreground\\\":\\\"#E6DB74\\\"},\\\"scope\\\":\\\"string\\\"},{\\\"settings\\\":{\\\"foreground\\\":\\\"#F92672\\\"},\\\"scope\\\":[\\\"punctuation.definition.template-expression\\\",\\\"punctuation.section.embedded\\\"]},{\\\"settings\\\":{\\\"foreground\\\":\\\"#F8F8F2\\\"},\\\"scope\\\":[\\\"meta.template.expression\\\"]},{\\\"settings\\\":{\\\"foreground\\\":\\\"#AE81FF\\\"},\\\"scope\\\":\\\"constant.numeric\\\"},{\\\"settings\\\":{\\\"foreground\\\":\\\"#AE81FF\\\"},\\\"scope\\\":\\\"constant.language\\\"},{\\\"settings\\\":{\\\"foreground\\\":\\\"#AE81FF\\\"},\\\"scope\\\":\\\"constant.character, constant.other\\\"},{\\\"settings\\\":{\\\"fontStyle\\\":\\\"\\\",\\\"foreground\\\":\\\"#F8F8F2\\\"},\\\"scope\\\":\\\"variable\\\"},{\\\"settings\\\":{\\\"foreground\\\":\\\"#F92672\\\"},\\\"scope\\\":\\\"keyword\\\"},{\\\"settings\\\":{\\\"fontStyle\\\":\\\"\\\",\\\"foreground\\\":\\\"#F92672\\\"},\\\"scope\\\":\\\"storage\\\"},{\\\"settings\\\":{\\\"fontStyle\\\":\\\"italic\\\",\\\"foreground\\\":\\\"#66D9EF\\\"},\\\"scope\\\":\\\"storage.type\\\"},{\\\"settings\\\":{\\\"fontStyle\\\":\\\"underline\\\",\\\"foreground\\\":\\\"#A6E22E\\\"},\\\"scope\\\":\\\"entity.name.type, entity.name.class, entity.name.namespace, entity.name.scope-resolution\\\"},{\\\"settings\\\":{\\\"fontStyle\\\":\\\"italic underline\\\",\\\"foreground\\\":\\\"#A6E22E\\\"},\\\"scope\\\":[\\\"entity.other.inherited-class\\\",\\\"punctuation.separator.namespace.ruby\\\"]},{\\\"settings\\\":{\\\"fontStyle\\\":\\\"\\\",\\\"foreground\\\":\\\"#A6E22E\\\"},\\\"scope\\\":\\\"entity.name.function\\\"},{\\\"settings\\\":{\\\"fontStyle\\\":\\\"italic\\\",\\\"foreground\\\":\\\"#FD971F\\\"},\\\"scope\\\":\\\"variable.parameter\\\"},{\\\"settings\\\":{\\\"fontStyle\\\":\\\"\\\",\\\"foreground\\\":\\\"#F92672\\\"},\\\"scope\\\":\\\"entity.name.tag\\\"},{\\\"settings\\\":{\\\"fontStyle\\\":\\\"\\\",\\\"foreground\\\":\\\"#A6E22E\\\"},\\\"scope\\\":\\\"entity.other.attribute-name\\\"},{\\\"settings\\\":{\\\"fontStyle\\\":\\\"\\\",\\\"foreground\\\":\\\"#66D9EF\\\"},\\\"scope\\\":\\\"support.function\\\"},{\\\"settings\\\":{\\\"fontStyle\\\":\\\"\\\",\\\"foreground\\\":\\\"#66D9EF\\\"},\\\"scope\\\":\\\"support.constant\\\"},{\\\"settings\\\":{\\\"fontStyle\\\":\\\"italic\\\",\\\"foreground\\\":\\\"#66D9EF\\\"},\\\"scope\\\":\\\"support.type, support.class\\\"},{\\\"settings\\\":{\\\"fontStyle\\\":\\\"\\\"},\\\"scope\\\":\\\"support.other.variable\\\"},{\\\"settings\\\":{\\\"fontStyle\\\":\\\"\\\",\\\"foreground\\\":\\\"#F44747\\\"},\\\"scope\\\":\\\"invalid\\\"},{\\\"settings\\\":{\\\"foreground\\\":\\\"#F44747\\\"},\\\"scope\\\":\\\"invalid.deprecated\\\"},{\\\"settings\\\":{\\\"foreground\\\":\\\"#CFCFC2\\\"},\\\"scope\\\":\\\"meta.structure.dictionary.json string.quoted.double.json\\\"},{\\\"settings\\\":{\\\"foreground\\\":\\\"#75715E\\\"},\\\"scope\\\":\\\"meta.diff, meta.diff.header\\\"},{\\\"settings\\\":{\\\"foreground\\\":\\\"#F92672\\\"},\\\"scope\\\":\\\"markup.deleted\\\"},{\\\"settings\\\":{\\\"foreground\\\":\\\"#A6E22E\\\"},\\\"scope\\\":\\\"markup.inserted\\\"},{\\\"settings\\\":{\\\"foreground\\\":\\\"#E6DB74\\\"},\\\"scope\\\":\\\"markup.changed\\\"},{\\\"settings\\\":{\\\"foreground\\\":\\\"#AE81FFA0\\\"},\\\"scope\\\":\\\"constant.numeric.line-number.find-in-files - match\\\"},{\\\"settings\\\":{\\\"foreground\\\":\\\"#E6DB74\\\"},\\\"scope\\\":\\\"entity.name.filename.find-in-files\\\"},{\\\"settings\\\":{\\\"foreground\\\":\\\"#F92672\\\"},\\\"scope\\\":\\\"markup.quote\\\"},{\\\"settings\\\":{\\\"foreground\\\":\\\"#E6DB74\\\"},\\\"scope\\\":\\\"markup.list\\\"},{\\\"settings\\\":{\\\"foreground\\\":\\\"#66D9EF\\\"},\\\"scope\\\":\\\"markup.bold, markup.italic\\\"},{\\\"settings\\\":{\\\"fontStyle\\\":\\\"\\\",\\\"foreground\\\":\\\"#FD971F\\\"},\\\"scope\\\":\\\"markup.inline.raw\\\"},{\\\"settings\\\":{\\\"foreground\\\":\\\"#A6E22E\\\"},\\\"scope\\\":\\\"markup.heading\\\"},{\\\"settings\\\":{\\\"foreground\\\":\\\"#A6E22E\\\",\\\"fontStyle\\\":\\\"bold\\\"},\\\"scope\\\":\\\"markup.heading.setext\\\"},{\\\"settings\\\":{\\\"fontStyle\\\":\\\"bold\\\"},\\\"scope\\\":\\\"markup.heading.markdown\\\"},{\\\"settings\\\":{\\\"fontStyle\\\":\\\"italic\\\",\\\"foreground\\\":\\\"#75715E\\\"},\\\"scope\\\":\\\"markup.quote.markdown\\\"},{\\\"settings\\\":{\\\"fontStyle\\\":\\\"bold\\\"},\\\"scope\\\":\\\"markup.bold.markdown\\\"},{\\\"settings\\\":{\\\"foreground\\\":\\\"#AE81FF\\\"},\\\"scope\\\":\\\"string.other.link.title.markdown,string.other.link.description.markdown\\\"},{\\\"settings\\\":{\\\"foreground\\\":\\\"#E6DB74\\\"},\\\"scope\\\":\\\"markup.underline.link.markdown,markup.underline.link.image.markdown\\\"},{\\\"settings\\\":{\\\"fontStyle\\\":\\\"italic\\\"},\\\"scope\\\":\\\"markup.italic.markdown\\\"},{\\\"settings\\\":{\\\"fontStyle\\\":\\\"strikethrough\\\"},\\\"scope\\\":\\\"markup.strikethrough\\\"},{\\\"settings\\\":{\\\"foreground\\\":\\\"#f8f8f2\\\"},\\\"scope\\\":\\\"markup.list.unnumbered.markdown, markup.list.numbered.markdown\\\"},{\\\"settings\\\":{\\\"foreground\\\":\\\"#A6E22E\\\"},\\\"scope\\\":[\\\"punctuation.definition.list.begin.markdown\\\"]},{\\\"settings\\\":{\\\"foreground\\\":\\\"#6796e6\\\"},\\\"scope\\\":\\\"token.info-token\\\"},{\\\"settings\\\":{\\\"foreground\\\":\\\"#cd9731\\\"},\\\"scope\\\":\\\"token.warn-token\\\"},{\\\"settings\\\":{\\\"foreground\\\":\\\"#f44747\\\"},\\\"scope\\\":\\\"token.error-token\\\"},{\\\"settings\\\":{\\\"foreground\\\":\\\"#b267e6\\\"},\\\"scope\\\":\\\"token.debug-token\\\"},{\\\"settings\\\":{\\\"foreground\\\":\\\"#FD971F\\\"},\\\"scope\\\":\\\"variable.language\\\"}],\\\"semanticTokenRules\\\":[],\\\"extensionData\\\":{\\\"_extensionId\\\":\\\"vscode.theme-monokai\\\",\\\"_extensionIsBuiltin\\\":true,\\\"_extensionName\\\":\\\"theme-monokai\\\",\\\"_extensionPublisher\\\":\\\"vscode\\\"},\\\"themeSemanticHighlighting\\\":true,\\\"colorMap\\\":{\\\"dropdown.background\\\":\\\"#414339\\\",\\\"list.activeSelectionBackground\\\":\\\"#75715e\\\",\\\"quickInputList.focusBackground\\\":\\\"#414339\\\",\\\"dropdown.listBackground\\\":\\\"#1e1f1c\\\",\\\"list.inactiveSelectionBackground\\\":\\\"#414339\\\",\\\"list.hoverBackground\\\":\\\"#3e3d32\\\",\\\"list.dropBackground\\\":\\\"#414339\\\",\\\"list.highlightForeground\\\":\\\"#f8f8f2\\\",\\\"button.background\\\":\\\"#75715e\\\",\\\"editor.background\\\":\\\"#272822\\\",\\\"editor.foreground\\\":\\\"#f8f8f2\\\",\\\"selection.background\\\":\\\"#878b9180\\\",\\\"editor.selectionHighlightBackground\\\":\\\"#575b6180\\\",\\\"editor.selectionBackground\\\":\\\"#878b9180\\\",\\\"minimap.selectionHighlight\\\":\\\"#878b9180\\\",\\\"editor.wordHighlightBackground\\\":\\\"#4a4a7680\\\",\\\"editor.wordHighlightStrongBackground\\\":\\\"#6a6a9680\\\",\\\"editor.lineHighlightBackground\\\":\\\"#3e3d32\\\",\\\"editorLineNumber.activeForeground\\\":\\\"#c2c2bf\\\",\\\"editorCursor.foreground\\\":\\\"#f8f8f0\\\",\\\"editorWhitespace.foreground\\\":\\\"#464741\\\",\\\"editorIndentGuide.background\\\":\\\"#464741\\\",\\\"editorIndentGuide.activeBackground\\\":\\\"#767771\\\",\\\"editorGroupHeader.tabsBackground\\\":\\\"#1e1f1c\\\",\\\"editorGroup.dropBackground\\\":\\\"#41433980\\\",\\\"tab.inactiveBackground\\\":\\\"#34352f\\\",\\\"tab.border\\\":\\\"#1e1f1c\\\",\\\"tab.inactiveForeground\\\":\\\"#ccccc7\\\",\\\"tab.lastPinnedBorder\\\":\\\"#414339\\\",\\\"widget.shadow\\\":\\\"#00000098\\\",\\\"progressBar.background\\\":\\\"#75715e\\\",\\\"badge.background\\\":\\\"#75715e\\\",\\\"badge.foreground\\\":\\\"#f8f8f2\\\",\\\"editorLineNumber.foreground\\\":\\\"#90908a\\\",\\\"panelTitle.activeForeground\\\":\\\"#f8f8f2\\\",\\\"panelTitle.activeBorder\\\":\\\"#75715e\\\",\\\"panelTitle.inactiveForeground\\\":\\\"#75715e\\\",\\\"panel.border\\\":\\\"#414339\\\",\\\"settings.focusedRowBackground\\\":\\\"#4143395a\\\",\\\"titleBar.activeBackground\\\":\\\"#1e1f1c\\\",\\\"statusBar.background\\\":\\\"#414339\\\",\\\"statusBar.noFolderBackground\\\":\\\"#414339\\\",\\\"statusBar.debuggingBackground\\\":\\\"#75715e\\\",\\\"statusBarItem.remoteBackground\\\":\\\"#ac6218\\\",\\\"ports.iconRunningProcessForeground\\\":\\\"#ccccc7\\\",\\\"activityBar.background\\\":\\\"#272822\\\",\\\"activityBar.foreground\\\":\\\"#f8f8f2\\\",\\\"sideBar.background\\\":\\\"#1e1f1c\\\",\\\"sideBarSectionHeader.background\\\":\\\"#272822\\\",\\\"menu.background\\\":\\\"#1e1f1c\\\",\\\"menu.foreground\\\":\\\"#cccccc\\\",\\\"pickerGroup.foreground\\\":\\\"#75715e\\\",\\\"input.background\\\":\\\"#414339\\\",\\\"inputOption.activeBorder\\\":\\\"#75715e\\\",\\\"focusBorder\\\":\\\"#99947c\\\",\\\"editorWidget.background\\\":\\\"#1e1f1c\\\",\\\"debugToolBar.background\\\":\\\"#1e1f1c\\\",\\\"diffEditor.insertedTextBackground\\\":\\\"#4b661680\\\",\\\"diffEditor.removedTextBackground\\\":\\\"#90274a70\\\",\\\"inputValidation.errorBackground\\\":\\\"#90274a\\\",\\\"inputValidation.errorBorder\\\":\\\"#f92672\\\",\\\"inputValidation.warningBackground\\\":\\\"#848528\\\",\\\"inputValidation.warningBorder\\\":\\\"#e2e22e\\\",\\\"inputValidation.infoBackground\\\":\\\"#546190\\\",\\\"inputValidation.infoBorder\\\":\\\"#819aff\\\",\\\"editorHoverWidget.background\\\":\\\"#414339\\\",\\\"editorHoverWidget.border\\\":\\\"#75715e\\\",\\\"editorSuggestWidget.background\\\":\\\"#272822\\\",\\\"editorSuggestWidget.border\\\":\\\"#75715e\\\",\\\"editorGroup.border\\\":\\\"#34352f\\\",\\\"peekView.border\\\":\\\"#75715e\\\",\\\"peekViewEditor.background\\\":\\\"#272822\\\",\\\"peekViewResult.background\\\":\\\"#1e1f1c\\\",\\\"peekViewTitle.background\\\":\\\"#1e1f1c\\\",\\\"peekViewResult.selectionBackground\\\":\\\"#414339\\\",\\\"peekViewResult.matchHighlightBackground\\\":\\\"#75715e\\\",\\\"peekViewEditor.matchHighlightBackground\\\":\\\"#75715e\\\",\\\"terminal.ansiBlack\\\":\\\"#333333\\\",\\\"terminal.ansiRed\\\":\\\"#c4265e\\\",\\\"terminal.ansiGreen\\\":\\\"#86b42b\\\",\\\"terminal.ansiYellow\\\":\\\"#b3b42b\\\",\\\"terminal.ansiBlue\\\":\\\"#6a7ec8\\\",\\\"terminal.ansiMagenta\\\":\\\"#8c6bc8\\\",\\\"terminal.ansiCyan\\\":\\\"#56adbc\\\",\\\"terminal.ansiWhite\\\":\\\"#e3e3dd\\\",\\\"terminal.ansiBrightBlack\\\":\\\"#666666\\\",\\\"terminal.ansiBrightRed\\\":\\\"#f92672\\\",\\\"terminal.ansiBrightGreen\\\":\\\"#a6e22e\\\",\\\"terminal.ansiBrightYellow\\\":\\\"#e2e22e\\\",\\\"terminal.ansiBrightBlue\\\":\\\"#819aff\\\",\\\"terminal.ansiBrightMagenta\\\":\\\"#ae81ff\\\",\\\"terminal.ansiBrightCyan\\\":\\\"#66d9ef\\\",\\\"terminal.ansiBrightWhite\\\":\\\"#f8f8f2\\\"},\\\"watch\\\":false}\"},\"workbench.view.debug.state.hidden\":{\"version\":1,\"value\":\"[{\\\"id\\\":\\\"workbench.debug.welcome\\\",\\\"isHidden\\\":false},{\\\"id\\\":\\\"workbench.debug.variablesView\\\",\\\"isHidden\\\":false},{\\\"id\\\":\\\"workbench.debug.watchExpressionsView\\\",\\\"isHidden\\\":false},{\\\"id\\\":\\\"workbench.debug.callStackView\\\",\\\"isHidden\\\":false},{\\\"id\\\":\\\"workbench.debug.loadedScriptsView\\\",\\\"isHidden\\\":false},{\\\"id\\\":\\\"workbench.debug.breakPointsView\\\",\\\"isHidden\\\":false},{\\\"id\\\":\\\"jsBrowserBreakpoints\\\",\\\"isHidden\\\":false},{\\\"id\\\":\\\"jsExcludedCallers\\\",\\\"isHidden\\\":false},{\\\"id\\\":\\\"jsDebugNetworkTree\\\",\\\"isHidden\\\":false}]\"},\"nps/lastSessionDate\":{\"version\":1,\"value\":\"Fri Jun 20 2025\"},\"nps/sessionCount\":{\"version\":1,\"value\":\"2\"},\"~remote.forwardedPortsContainer.hidden\":{\"version\":1,\"value\":\"[{\\\"id\\\":\\\"~remote.forwardedPorts\\\",\\\"isHidden\\\":false}]\"},\"cpp.1.lastSessionDate\":{\"version\":1,\"value\":\"Fri Jun 20 2025\"},\"cpp.1.sessionCount\":{\"version\":1,\"value\":\"2\"},\"java.2.lastSessionDate\":{\"version\":1,\"value\":\"Fri Jun 20 2025\"},\"java.2.sessionCount\":{\"version\":1,\"value\":\"2\"},\"javascript.1.lastSessionDate\":{\"version\":1,\"value\":\"Fri Jun 20 2025\"},\"javascript.1.sessionCount\":{\"version\":1,\"value\":\"2\"},\"typescript.1.lastSessionDate\":{\"version\":1,\"value\":\"Fri Jun 20 2025\"},\"typescript.1.sessionCount\":{\"version\":1,\"value\":\"2\"},\"csharp.1.lastSessionDate\":{\"version\":1,\"value\":\"Fri Jun 20 2025\"},\"csharp.1.sessionCount\":{\"version\":1,\"value\":\"2\"},\"workbench.telemetryOptOutShown\":{\"version\":1,\"value\":\"true\"},\"memento/gettingStartedService\":{\"version\":1,\"value\":\"{\\\"copilotSetup.chat\\\":{\\\"done\\\":true},\\\"installGit\\\":{\\\"done\\\":true},\\\"copilotSetup.inline\\\":{\\\"done\\\":true},\\\"settingsAndSync\\\":{\\\"done\\\":true},\\\"settingsSyncWeb\\\":{\\\"done\\\":true},\\\"newSettingsAndSync\\\":{\\\"done\\\":true},\\\"commandPaletteTask\\\":{\\\"done\\\":true},\\\"commandPaletteTaskWeb\\\":{\\\"done\\\":true},\\\"commandPaletteTaskAccessibility\\\":{\\\"done\\\":true},\\\"newCommandPaletteTask\\\":{\\\"done\\\":true}}\"},\"workbench.panel.repl.hidden\":{\"version\":1,\"value\":\"[{\\\"id\\\":\\\"workbench.panel.repl.view\\\",\\\"isHidden\\\":false}]\"},\"workbench.panel.alignment\":{\"version\":1,\"value\":\"center\"},\"extensions.trustedPublishers\":{\"version\":1,\"value\":\"{\\\"formulahendry\\\":{\\\"publisher\\\":\\\"formulahendry\\\",\\\"publisherDisplayName\\\":\\\"Jun Han\\\"},\\\"tomoki1207\\\":{\\\"publisher\\\":\\\"tomoki1207\\\",\\\"publisherDisplayName\\\":\\\"tomoki1207\\\"},\\\"bierner\\\":{\\\"publisher\\\":\\\"bierner\\\",\\\"publisherDisplayName\\\":\\\"Matt Bierner\\\"},\\\"divyanshuagrawal\\\":{\\\"publisher\\\":\\\"DivyanshuAgrawal\\\",\\\"publisherDisplayName\\\":\\\"Divyanshu Agrawal\\\"},\\\"christian-kohler\\\":{\\\"publisher\\\":\\\"christian-kohler\\\",\\\"publisherDisplayName\\\":\\\"Christian Kohler\\\"},\\\"miguelsolorio\\\":{\\\"publisher\\\":\\\"miguelsolorio\\\",\\\"publisherDisplayName\\\":\\\"Miguel Solorio\\\"},\\\"redhat\\\":{\\\"publisher\\\":\\\"redhat\\\",\\\"publisherDisplayName\\\":\\\"Red Hat\\\"},\\\"mathematic\\\":{\\\"publisher\\\":\\\"mathematic\\\",\\\"publisherDisplayName\\\":\\\"Mathematic Inc\\\"},\\\"guyutongxue\\\":{\\\"publisher\\\":\\\"Guyutongxue\\\",\\\"publisherDisplayName\\\":\\\"Guyutongxue\\\"}}\"},\"workbench.welcomePage.walkthroughMetadata\":{\"version\":1,\"value\":\"[[\\\"ms-python.python#pythonWelcome\\\",{\\\"firstSeen\\\":1750385425072,\\\"stepIDs\\\":[\\\"python.createPythonFolder\\\",\\\"python.createPythonFile\\\",\\\"python.installPythonWin8\\\",\\\"python.installPythonMac\\\",\\\"python.installPythonLinux\\\",\\\"python.createEnvironment\\\",\\\"python.runAndDebug\\\",\\\"python.learnMoreWithDS\\\"],\\\"manaullyOpened\\\":false}],[\\\"ms-python.python#pythonDataScienceWelcome\\\",{\\\"firstSeen\\\":1750385425072,\\\"stepIDs\\\":[\\\"python.installJupyterExt\\\",\\\"python.createNewNotebook\\\",\\\"python.openInteractiveWindow\\\",\\\"python.dataScienceLearnMore\\\"],\\\"manaullyOpened\\\":false}],[\\\"ms-vscode.cpptools#cppWelcome\\\",{\\\"firstSeen\\\":1750385425072,\\\"stepIDs\\\":[\\\"awaiting.activation.mac\\\",\\\"awaiting.activation.linux\\\",\\\"awaiting.activation.windows\\\",\\\"awaiting.activation.windows10\\\",\\\"awaiting.activation.windows11\\\",\\\"no.compilers.found.mac\\\",\\\"no.compilers.found.linux\\\",\\\"no.compilers.found.windows\\\",\\\"no.compilers.found.windows10\\\",\\\"no.compilers.found.windows11\\\",\\\"verify.compiler.mac\\\",\\\"verify.compiler.linux\\\",\\\"verify.compiler.windows\\\",\\\"verify.compiler.windows10\\\",\\\"verify.compiler.windows11\\\",\\\"create.cpp.file\\\",\\\"relaunch.developer.command.prompt.windows\\\",\\\"run.project.mac\\\",\\\"run.project.linux\\\",\\\"run.project.windows\\\",\\\"customize.debugging.linux\\\",\\\"customize.debugging.windows\\\",\\\"customize.debugging.mac\\\"],\\\"manaullyOpened\\\":false}]]\"},\"workbench.view.extensions.state.hidden\":{\"version\":1,\"value\":\"[{\\\"id\\\":\\\"workbench.views.extensions.installed\\\",\\\"isHidden\\\":false},{\\\"id\\\":\\\"workbench.views.extensions.searchOutdated\\\",\\\"isHidden\\\":false},{\\\"id\\\":\\\"workbench.views.extensions.workspaceRecommendations\\\",\\\"isHidden\\\":false},{\\\"id\\\":\\\"workbench.views.extensions.popular\\\",\\\"isHidden\\\":false},{\\\"id\\\":\\\"workbench.views.extensions.searchRecentlyUpdated\\\",\\\"isHidden\\\":false},{\\\"id\\\":\\\"workbench.views.extensions.otherRecommendations\\\",\\\"isHidden\\\":false},{\\\"id\\\":\\\"extensions.recommendedList\\\",\\\"isHidden\\\":false},{\\\"id\\\":\\\"workbench.views.mcp.installed\\\",\\\"isHidden\\\":false},{\\\"id\\\":\\\"workbench.views.extensions.enabled\\\",\\\"isHidden\\\":true},{\\\"id\\\":\\\"workbench.views.extensions.disabled\\\",\\\"isHidden\\\":true},{\\\"id\\\":\\\"workbench.views.mcp.marketplace\\\",\\\"isHidden\\\":false},{\\\"id\\\":\\\"workbench.views.extensions.marketplace\\\",\\\"isHidden\\\":false},{\\\"id\\\":\\\"workbench.views.extensions.searchInstalled\\\",\\\"isHidden\\\":false},{\\\"id\\\":\\\"workbench.views.extensions.searchEnabled\\\",\\\"isHidden\\\":false},{\\\"id\\\":\\\"workbench.views.extensions.searchDisabled\\\",\\\"isHidden\\\":false},{\\\"id\\\":\\\"workbench.views.extensions.searchBuiltin\\\",\\\"isHidden\\\":false},{\\\"id\\\":\\\"workbench.views.extensions.searchWorkspaceUnsupported\\\",\\\"isHidden\\\":false},{\\\"id\\\":\\\"workbench.views.extensions.builtinFeatureExtensions\\\",\\\"isHidden\\\":false},{\\\"id\\\":\\\"workbench.views.extensions.builtinThemeExtensions\\\",\\\"isHidden\\\":false},{\\\"id\\\":\\\"workbench.views.extensions.builtinProgrammingLanguageExtensions\\\",\\\"isHidden\\\":false},{\\\"id\\\":\\\"workbench.views.extensions.untrustedUnsupportedExtensions\\\",\\\"isHidden\\\":false},{\\\"id\\\":\\\"workbench.views.extensions.untrustedPartiallySupportedExtensions\\\",\\\"isHidden\\\":false},{\\\"id\\\":\\\"workbench.views.extensions.virtualUnsupportedExtensions\\\",\\\"isHidden\\\":false},{\\\"id\\\":\\\"workbench.views.extensions.virtualPartiallySupportedExtensions\\\",\\\"isHidden\\\":false},{\\\"id\\\":\\\"workbench.views.extensions.deprecatedExtensions\\\",\\\"isHidden\\\":false}]\"},\"cpp.1.editedCount\":{\"version\":1,\"value\":\"1\"},\"cpp.1.editedDate\":{\"version\":1,\"value\":\"Thu Jun 19 2025\"},\"terminal.integrated.showTerminalConfigPrompt\":{\"version\":1,\"value\":\"false\"}}}"}}