{"version":1,"resource":"vscode-userdata:/c%3A/Users/Admin/AppData/Roaming/Code/User/profiles/67b5a43b/snippets/cpp.json","entries":[{"id":"KXwc.json","timestamp":1750399674601},{"id":"U5gA.json","timestamp":1750399686028},{"id":"Qna8.json","timestamp":1750399763382},{"id":"UGZm.json","timestamp":1750399787675},{"id":"0G8D.json","timestamp":1750399814657},{"id":"8vpP.json","timestamp":1750399825370},{"id":"VGqx.json","timestamp":1750399836956},{"id":"2wto.json","timestamp":1750399853738},{"id":"1gtS.json","timestamp":1750399864674},{"id":"erYl.json","timestamp":1750400209649}]}