{"ref":"4b2fa439-c610-4658-a64e-8a3975697b69","syncData":{"version":2,"machineId":"e2f537a8-6d5d-47f5-addb-e722de604f84","content":"{\"windows\":\"[ // @author josuerom\\n   {\\n   \\\"key\\\": \\\"shift shift\\\",\\n   \\\"command\\\": \\\"workbench.action.toggleSidebarVisibility\\\",\\n   },\\n   {\\n   \\\"key\\\": \\\"ctrl+b\\\",\\n   \\\"command\\\": \\\"-workbench.action.toggleSidebarVisibility\\\",\\n   },\\n   {\\n   \\\"key\\\": \\\"n\\\",\\n   \\\"command\\\": \\\"explorer.newFile\\\",\\n   \\\"when\\\": \\\"explorerViewletVisible && filesExplorerFocus && !explorerResourceReadonly && !inputFocus\\\"\\n   },\\n   {\\n   \\\"key\\\": \\\"ctrl+alt+d\\\",\\n   \\\"command\\\": \\\"-cph.judgeView.focus\\\"\\n   },\\n   {\\n   \\\"key\\\": \\\"ctrl+alt+m\\\",\\n   \\\"command\\\": \\\"code-runner.runByLanguage\\\"\\n   },\\n   {\\n   \\\"key\\\": \\\"ctrl+alt+j\\\",\\n   \\\"command\\\": \\\"-code-runner.runByLanguage\\\"\\n   },\\n   {\\n   \\\"key\\\": \\\"ctrl+alt+m\\\",\\n   \\\"command\\\": \\\"-code-runner.stop\\\"\\n   },\\n   {\\n   \\\"key\\\": \\\"ctrl+alt+c\\\",\\n   \\\"command\\\": \\\"code-runner.stop\\\"\\n   },\\n   {\\n   \\\"key\\\": \\\"ctrl+alt+k\\\",\\n   \\\"command\\\": \\\"-code-runner.runCustomCommand\\\"\\n   },\\n   {\\n   \\\"key\\\": \\\"ctrl+alt+f\\\",\\n   \\\"command\\\": \\\"editor.action.formatDocument\\\",\\n   \\\"when\\\": \\\"editorHasDocumentFormattingProvider && editorTextFocus && !editorReadonly && !inCompositeEditor\\\"\\n   },\\n   {\\n   \\\"key\\\": \\\"shift+alt+f\\\",\\n   \\\"command\\\": \\\"-editor.action.formatDocument\\\",\\n   \\\"when\\\": \\\"editorHasDocumentFormattingProvider && editorTextFocus && !editorReadonly && !inCompositeEditor\\\"\\n   },\\n   {\\n   \\\"key\\\": \\\"ctrl+shift+z\\\",\\n   \\\"command\\\": \\\"cph.judgeView.focus\\\"\\n   },\\n   {\\n   \\\"key\\\": \\\"ctrl+alt+enter\\\",\\n   \\\"command\\\": \\\"catalyst.runAllTestCases\\\"\\n   },\\n   {\\n   \\\"key\\\": \\\"ctrl+enter\\\",\\n   \\\"command\\\": \\\"-catalyst.runAllTestCases\\\"\\n   },\\n   {\\n   \\\"key\\\": \\\"ctrl+oem_7\\\",\\n   \\\"command\\\": \\\"editor.action.blockComment\\\",\\n   \\\"when\\\": \\\"editorTextFocus && !editorReadonly\\\"\\n   },\\n   {\\n   \\\"key\\\": \\\"shift+alt+a\\\",\\n   \\\"command\\\": \\\"-editor.action.blockComment\\\",\\n   \\\"when\\\": \\\"editorTextFocus && !editorReadonly\\\"\\n   },\\n   {\\n   \\\"key\\\": \\\"ctrl+shift+oem_comma\\\",\\n   \\\"command\\\": \\\"workbench.action.openSettingsJson\\\"\\n   },\\n   {\\n   \\\"key\\\": \\\"ctrl+alt+oem_3\\\",\\n   \\\"command\\\": \\\"workbench.action.terminal.openNativeConsole\\\",\\n   \\\"when\\\": \\\"!terminalFocus\\\"\\n   },\\n   {\\n   \\\"key\\\": \\\"ctrl+shift+c\\\",\\n   \\\"command\\\": \\\"-workbench.action.terminal.openNativeConsole\\\",\\n   \\\"when\\\": \\\"!terminalFocus\\\"\\n   },\\n   {\\n   \\\"key\\\": \\\"ctrl+shift+oem_3\\\",\\n   \\\"command\\\": \\\"workbench.action.createTerminalEditorSide\\\"\\n   },\\n   {\\n   \\\"key\\\": \\\"ctrl+shift+oem_3\\\",\\n   \\\"command\\\": \\\"-workbench.action.terminal.new\\\",\\n   \\\"when\\\": \\\"terminalProcessSupported || terminalWebExtensionContributedProfile\\\"\\n   },\\n   {\\n   \\\"key\\\": \\\"ctrl+alt+v\\\",\\n   \\\"command\\\": \\\"code-runner.runCustomCommand\\\"\\n   },\\n   {\\n   \\\"key\\\": \\\"ctrl+shift+s ctrl+shift+p\\\",\\n   \\\"command\\\": \\\"workbench.profiles.actions.switchProfile\\\",\\n   \\\"when\\\": \\\"profiles.enabled\\\"\\n   },\\n]\"}"}}