{"ref":"05fa5832-9164-4a9d-a5d9-fdff2ee07e94","syncData":{"version":2,"machineId":"e2f537a8-6d5d-47f5-addb-e722de604f84","content":"[{\"id\":\"-18d300cd\",\"name\":\"Josuerom Linux\",\"collection\":\"2619a1ba-a28e-4561-ab45-25cd41266181\",\"icon\":\"terminal\"},{\"id\":\"-68d878dd\",\"name\":\"Josuerom Windows\",\"collection\":\"89185066-9f39-47c8-989c-4b5b25e66c73\",\"icon\":\"terminal\"},{\"id\":\"13c4b99d\",\"name\":\"Linux guest\",\"collection\":\"d97c22cd-0948-4179-8981-0eedf0920e78\",\"icon\":\"shield\"},{\"id\":\"67b5a43b\",\"name\":\"Windows guest\",\"collection\":\"2918772b-7a83-4b15-8107-f479c49eaf54\",\"icon\":\"shield\"}]"}}