{"ref":"fba3effa-ac13-4bd6-9607-b9ea2821531d","syncData":{"version":1,"machineId":"e2f537a8-6d5d-47f5-addb-e722de604f84","content":"{\"storage\":{\"workbench.activity.pinnedViewlets2\":{\"version\":1,\"value\":\"[{\\\"id\\\":\\\"workbench.view.explorer\\\",\\\"pinned\\\":true,\\\"visible\\\":false,\\\"order\\\":0},{\\\"id\\\":\\\"workbench.view.search\\\",\\\"pinned\\\":true,\\\"visible\\\":false,\\\"order\\\":1},{\\\"id\\\":\\\"workbench.view.debug\\\",\\\"pinned\\\":true,\\\"visible\\\":false,\\\"order\\\":3},{\\\"id\\\":\\\"workbench.view.remote\\\",\\\"pinned\\\":true,\\\"visible\\\":false,\\\"order\\\":4},{\\\"id\\\":\\\"workbench.view.scm\\\",\\\"pinned\\\":true,\\\"visible\\\":false,\\\"order\\\":2},{\\\"id\\\":\\\"workbench.view.extension.test\\\",\\\"pinned\\\":true,\\\"visible\\\":false,\\\"order\\\":6},{\\\"id\\\":\\\"workbench.view.extensions\\\",\\\"pinned\\\":true,\\\"visible\\\":false,\\\"order\\\":4},{\\\"id\\\":\\\"workbench.view.extension.references-view\\\",\\\"pinned\\\":true,\\\"visible\\\":false,\\\"order\\\":7},{\\\"id\\\":\\\"workbench.view.extension.cph-judge-view-container\\\",\\\"pinned\\\":true,\\\"visible\\\":false,\\\"order\\\":8},{\\\"id\\\":\\\"workbench.panel.chatSidebar\\\",\\\"pinned\\\":true,\\\"visible\\\":false,\\\"order\\\":100},{\\\"id\\\":\\\"userDataProfiles\\\",\\\"pinned\\\":true,\\\"visible\\\":false},{\\\"id\\\":\\\"workbench.view.sync\\\",\\\"pinned\\\":true,\\\"visible\\\":false},{\\\"id\\\":\\\"workbench.view.editSessions\\\",\\\"pinned\\\":true,\\\"visible\\\":false}]\"},\"workbench.explorer.views.state.hidden\":{\"version\":1,\"value\":\"[{\\\"id\\\":\\\"workbench.explorer.openEditorsView\\\",\\\"isHidden\\\":true},{\\\"id\\\":\\\"workbench.explorer.emptyView\\\",\\\"isHidden\\\":false},{\\\"id\\\":\\\"cph.judgeView\\\",\\\"isHidden\\\":false},{\\\"id\\\":\\\"outline\\\",\\\"isHidden\\\":false},{\\\"id\\\":\\\"timeline\\\",\\\"isHidden\\\":false},{\\\"id\\\":\\\"npm\\\",\\\"isHidden\\\":true},{\\\"id\\\":\\\"workbench.explorer.fileView\\\",\\\"isHidden\\\":false},{\\\"id\\\":\\\"dockerContainers\\\",\\\"isHidden\\\":false},{\\\"id\\\":\\\"dockerImages\\\",\\\"isHidden\\\":false},{\\\"id\\\":\\\"dockerRegistries\\\",\\\"isHidden\\\":false},{\\\"id\\\":\\\"dockerNetworks\\\",\\\"isHidden\\\":false},{\\\"id\\\":\\\"dockerVolumes\\\",\\\"isHidden\\\":false},{\\\"id\\\":\\\"vscode-docker.views.dockerContexts\\\",\\\"isHidden\\\":false},{\\\"id\\\":\\\"vscode-docker.views.help\\\",\\\"isHidden\\\":false}]\"},\"colorThemeData\":{\"version\":1,\"value\":\"{\\\"id\\\":\\\"vs vscode-theme-solarized-light-themes-solarized-light-color-theme-json\\\",\\\"label\\\":\\\"Solarized Light\\\",\\\"settingsId\\\":\\\"Solarized Light\\\",\\\"themeTokenColors\\\":[{\\\"settings\\\":{\\\"foreground\\\":\\\"#657B83\\\"}},{\\\"settings\\\":{\\\"foreground\\\":\\\"#657B83\\\"},\\\"scope\\\":[\\\"meta.embedded\\\",\\\"source.groovy.embedded\\\",\\\"string meta.image.inline.markdown\\\",\\\"variable.legacy.builtin.python\\\"]},{\\\"settings\\\":{\\\"fontStyle\\\":\\\"italic\\\",\\\"foreground\\\":\\\"#93A1A1\\\"},\\\"scope\\\":\\\"comment\\\"},{\\\"settings\\\":{\\\"foreground\\\":\\\"#2AA198\\\"},\\\"scope\\\":\\\"string\\\"},{\\\"settings\\\":{\\\"foreground\\\":\\\"#DC322F\\\"},\\\"scope\\\":\\\"string.regexp\\\"},{\\\"settings\\\":{\\\"foreground\\\":\\\"#D33682\\\"},\\\"scope\\\":\\\"constant.numeric\\\"},{\\\"settings\\\":{\\\"foreground\\\":\\\"#268BD2\\\"},\\\"scope\\\":[\\\"variable.language\\\",\\\"variable.other\\\"]},{\\\"settings\\\":{\\\"foreground\\\":\\\"#859900\\\"},\\\"scope\\\":\\\"keyword\\\"},{\\\"settings\\\":{\\\"fontStyle\\\":\\\"bold\\\",\\\"foreground\\\":\\\"#586E75\\\"},\\\"scope\\\":\\\"storage\\\"},{\\\"settings\\\":{\\\"fontStyle\\\":\\\"\\\",\\\"foreground\\\":\\\"#CB4B16\\\"},\\\"scope\\\":[\\\"entity.name.class\\\",\\\"entity.name.type\\\",\\\"entity.name.namespace\\\",\\\"entity.name.scope-resolution\\\"]},{\\\"settings\\\":{\\\"foreground\\\":\\\"#268BD2\\\"},\\\"scope\\\":\\\"entity.name.function\\\"},{\\\"settings\\\":{\\\"foreground\\\":\\\"#859900\\\"},\\\"scope\\\":\\\"punctuation.definition.variable\\\"},{\\\"settings\\\":{\\\"foreground\\\":\\\"#DC322F\\\"},\\\"scope\\\":[\\\"punctuation.section.embedded.begin\\\",\\\"punctuation.section.embedded.end\\\"]},{\\\"settings\\\":{\\\"foreground\\\":\\\"#B58900\\\"},\\\"scope\\\":[\\\"constant.language\\\",\\\"meta.preprocessor\\\"]},{\\\"settings\\\":{\\\"foreground\\\":\\\"#CB4B16\\\"},\\\"scope\\\":[\\\"support.function.construct\\\",\\\"keyword.other.new\\\"]},{\\\"settings\\\":{\\\"foreground\\\":\\\"#CB4B16\\\"},\\\"scope\\\":[\\\"constant.character\\\",\\\"constant.other\\\"]},{\\\"settings\\\":{\\\"foreground\\\":\\\"#6C71C4\\\"},\\\"scope\\\":[\\\"entity.other.inherited-class\\\",\\\"punctuation.separator.namespace.ruby\\\"]},{\\\"settings\\\":{},\\\"scope\\\":\\\"variable.parameter\\\"},{\\\"settings\\\":{\\\"foreground\\\":\\\"#268BD2\\\"},\\\"scope\\\":\\\"entity.name.tag\\\"},{\\\"settings\\\":{\\\"foreground\\\":\\\"#93A1A1\\\"},\\\"scope\\\":\\\"punctuation.definition.tag\\\"},{\\\"settings\\\":{\\\"foreground\\\":\\\"#93A1A1\\\"},\\\"scope\\\":\\\"entity.other.attribute-name\\\"},{\\\"settings\\\":{\\\"foreground\\\":\\\"#268BD2\\\"},\\\"scope\\\":\\\"support.function\\\"},{\\\"settings\\\":{\\\"foreground\\\":\\\"#DC322F\\\"},\\\"scope\\\":\\\"punctuation.separator.continuation\\\"},{\\\"settings\\\":{},\\\"scope\\\":[\\\"support.constant\\\",\\\"support.variable\\\"]},{\\\"settings\\\":{\\\"foreground\\\":\\\"#859900\\\"},\\\"scope\\\":[\\\"support.type\\\",\\\"support.class\\\"]},{\\\"settings\\\":{\\\"foreground\\\":\\\"#CB4B16\\\"},\\\"scope\\\":\\\"support.type.exception\\\"},{\\\"settings\\\":{},\\\"scope\\\":\\\"support.other.variable\\\"},{\\\"settings\\\":{\\\"foreground\\\":\\\"#DC322F\\\"},\\\"scope\\\":\\\"invalid\\\"},{\\\"settings\\\":{\\\"fontStyle\\\":\\\"italic\\\",\\\"foreground\\\":\\\"#268BD2\\\"},\\\"scope\\\":[\\\"meta.diff\\\",\\\"meta.diff.header\\\"]},{\\\"settings\\\":{\\\"fontStyle\\\":\\\"\\\",\\\"foreground\\\":\\\"#DC322F\\\"},\\\"scope\\\":\\\"markup.deleted\\\"},{\\\"settings\\\":{\\\"fontStyle\\\":\\\"\\\",\\\"foreground\\\":\\\"#CB4B16\\\"},\\\"scope\\\":\\\"markup.changed\\\"},{\\\"settings\\\":{\\\"foreground\\\":\\\"#859900\\\"},\\\"scope\\\":\\\"markup.inserted\\\"},{\\\"settings\\\":{\\\"foreground\\\":\\\"#859900\\\"},\\\"scope\\\":\\\"markup.quote\\\"},{\\\"settings\\\":{\\\"foreground\\\":\\\"#B58900\\\"},\\\"scope\\\":\\\"markup.list\\\"},{\\\"settings\\\":{\\\"foreground\\\":\\\"#D33682\\\"},\\\"scope\\\":[\\\"markup.bold\\\",\\\"markup.italic\\\"]},{\\\"settings\\\":{\\\"fontStyle\\\":\\\"bold\\\"},\\\"scope\\\":\\\"markup.bold\\\"},{\\\"settings\\\":{\\\"fontStyle\\\":\\\"italic\\\"},\\\"scope\\\":\\\"markup.italic\\\"},{\\\"settings\\\":{\\\"fontStyle\\\":\\\"strikethrough\\\"},\\\"scope\\\":\\\"markup.strikethrough\\\"},{\\\"settings\\\":{\\\"fontStyle\\\":\\\"\\\",\\\"foreground\\\":\\\"#2AA198\\\"},\\\"scope\\\":\\\"markup.inline.raw\\\"},{\\\"settings\\\":{\\\"fontStyle\\\":\\\"bold\\\",\\\"foreground\\\":\\\"#268BD2\\\"},\\\"scope\\\":\\\"markup.heading\\\"},{\\\"settings\\\":{\\\"fontStyle\\\":\\\"\\\",\\\"foreground\\\":\\\"#268BD2\\\"},\\\"scope\\\":\\\"markup.heading.setext\\\"}],\\\"semanticTokenRules\\\":[],\\\"extensionData\\\":{\\\"_extensionId\\\":\\\"vscode.theme-solarized-light\\\",\\\"_extensionIsBuiltin\\\":true,\\\"_extensionName\\\":\\\"theme-solarized-light\\\",\\\"_extensionPublisher\\\":\\\"vscode\\\"},\\\"themeSemanticHighlighting\\\":true,\\\"colorMap\\\":{\\\"focusBorder\\\":\\\"#b49471\\\",\\\"input.background\\\":\\\"#ddd6c1\\\",\\\"input.foreground\\\":\\\"#586e75\\\",\\\"input.placeholderForeground\\\":\\\"#586e75aa\\\",\\\"inputOption.activeBorder\\\":\\\"#d3af86\\\",\\\"badge.background\\\":\\\"#b58900aa\\\",\\\"progressBar.background\\\":\\\"#b58900\\\",\\\"dropdown.background\\\":\\\"#eee8d5\\\",\\\"dropdown.border\\\":\\\"#d3af86\\\",\\\"button.background\\\":\\\"#ac9d57\\\",\\\"selection.background\\\":\\\"#878b9180\\\",\\\"list.activeSelectionBackground\\\":\\\"#dfca88\\\",\\\"list.activeSelectionForeground\\\":\\\"#6c6c6c\\\",\\\"quickInputList.focusBackground\\\":\\\"#dfca8866\\\",\\\"list.hoverBackground\\\":\\\"#dfca8844\\\",\\\"list.inactiveSelectionBackground\\\":\\\"#d1cbb8\\\",\\\"list.highlightForeground\\\":\\\"#b58900\\\",\\\"editor.background\\\":\\\"#fdf6e3\\\",\\\"editor.foreground\\\":\\\"#657b83\\\",\\\"notebook.cellEditorBackground\\\":\\\"#f7f0e0\\\",\\\"editorWidget.background\\\":\\\"#eee8d5\\\",\\\"editorCursor.foreground\\\":\\\"#657b83\\\",\\\"editorWhitespace.foreground\\\":\\\"#586e7580\\\",\\\"editor.lineHighlightBackground\\\":\\\"#eee8d5\\\",\\\"editor.selectionBackground\\\":\\\"#eee8d5\\\",\\\"minimap.selectionHighlight\\\":\\\"#eee8d5\\\",\\\"editorIndentGuide.background\\\":\\\"#586e7580\\\",\\\"editorIndentGuide.activeBackground\\\":\\\"#081e2580\\\",\\\"editorHoverWidget.background\\\":\\\"#ccc4b0\\\",\\\"editorLineNumber.activeForeground\\\":\\\"#567983\\\",\\\"peekViewResult.background\\\":\\\"#eee8d5\\\",\\\"peekViewEditor.background\\\":\\\"#fffbf2\\\",\\\"peekViewTitle.background\\\":\\\"#eee8d5\\\",\\\"peekView.border\\\":\\\"#b58900\\\",\\\"peekViewEditor.matchHighlightBackground\\\":\\\"#7744aa40\\\",\\\"titleBar.activeBackground\\\":\\\"#eee8d5\\\",\\\"editorGroup.border\\\":\\\"#ddd6c1\\\",\\\"editorGroup.dropBackground\\\":\\\"#ddd6c1aa\\\",\\\"editorGroupHeader.tabsBackground\\\":\\\"#d9d2c2\\\",\\\"tab.border\\\":\\\"#ddd6c1\\\",\\\"tab.activeBackground\\\":\\\"#fdf6e3\\\",\\\"tab.inactiveForeground\\\":\\\"#586e75\\\",\\\"tab.inactiveBackground\\\":\\\"#d3cbb7\\\",\\\"tab.activeModifiedBorder\\\":\\\"#cb4b16\\\",\\\"tab.lastPinnedBorder\\\":\\\"#fdf6e3\\\",\\\"activityBar.background\\\":\\\"#ddd6c1\\\",\\\"activityBar.foreground\\\":\\\"#584c27\\\",\\\"activityBarBadge.background\\\":\\\"#b58900\\\",\\\"panel.border\\\":\\\"#ddd6c1\\\",\\\"sideBar.background\\\":\\\"#eee8d5\\\",\\\"sideBarTitle.foreground\\\":\\\"#586e75\\\",\\\"statusBar.foreground\\\":\\\"#586e75\\\",\\\"statusBar.background\\\":\\\"#eee8d5\\\",\\\"statusBar.debuggingBackground\\\":\\\"#eee8d5\\\",\\\"statusBar.noFolderBackground\\\":\\\"#eee8d5\\\",\\\"statusBarItem.remoteBackground\\\":\\\"#ac9d57\\\",\\\"ports.iconRunningProcessForeground\\\":\\\"#2aa19899\\\",\\\"statusBarItem.prominentBackground\\\":\\\"#ddd6c1\\\",\\\"statusBarItem.prominentHoverBackground\\\":\\\"#ddd6c199\\\",\\\"debugToolBar.background\\\":\\\"#ddd6c1\\\",\\\"debugExceptionWidget.background\\\":\\\"#ddd6c1\\\",\\\"debugExceptionWidget.border\\\":\\\"#ab395b\\\",\\\"pickerGroup.border\\\":\\\"#2aa19899\\\",\\\"pickerGroup.foreground\\\":\\\"#2aa19899\\\",\\\"extensionButton.prominentBackground\\\":\\\"#b58900\\\",\\\"extensionButton.prominentHoverBackground\\\":\\\"#584c27aa\\\",\\\"terminal.ansiBlack\\\":\\\"#073642\\\",\\\"terminal.ansiRed\\\":\\\"#dc322f\\\",\\\"terminal.ansiGreen\\\":\\\"#859900\\\",\\\"terminal.ansiYellow\\\":\\\"#b58900\\\",\\\"terminal.ansiBlue\\\":\\\"#268bd2\\\",\\\"terminal.ansiMagenta\\\":\\\"#d33682\\\",\\\"terminal.ansiCyan\\\":\\\"#2aa198\\\",\\\"terminal.ansiWhite\\\":\\\"#eee8d5\\\",\\\"terminal.ansiBrightBlack\\\":\\\"#002b36\\\",\\\"terminal.ansiBrightRed\\\":\\\"#cb4b16\\\",\\\"terminal.ansiBrightGreen\\\":\\\"#586e75\\\",\\\"terminal.ansiBrightYellow\\\":\\\"#657b83\\\",\\\"terminal.ansiBrightBlue\\\":\\\"#839496\\\",\\\"terminal.ansiBrightMagenta\\\":\\\"#6c71c4\\\",\\\"terminal.ansiBrightCyan\\\":\\\"#93a1a1\\\",\\\"terminal.ansiBrightWhite\\\":\\\"#fdf6e3\\\",\\\"terminal.background\\\":\\\"#fdf6e3\\\",\\\"walkThrough.embeddedEditorBackground\\\":\\\"#00000014\\\"},\\\"watch\\\":false}\"},\"workbench.panel.repl.hidden\":{\"version\":1,\"value\":\"[{\\\"id\\\":\\\"workbench.panel.repl.view\\\",\\\"isHidden\\\":false}]\"},\"workbench.panel.pinnedPanels\":{\"version\":1,\"value\":\"[{\\\"id\\\":\\\"workbench.panel.markers\\\",\\\"pinned\\\":true,\\\"visible\\\":false,\\\"order\\\":0},{\\\"id\\\":\\\"workbench.panel.output\\\",\\\"pinned\\\":true,\\\"visible\\\":false,\\\"order\\\":1},{\\\"id\\\":\\\"workbench.panel.testResults\\\",\\\"pinned\\\":true,\\\"visible\\\":false,\\\"order\\\":3},{\\\"id\\\":\\\"refactorPreview\\\",\\\"pinned\\\":true,\\\"visible\\\":false},{\\\"id\\\":\\\"terminal\\\",\\\"pinned\\\":true,\\\"visible\\\":false,\\\"order\\\":3},{\\\"id\\\":\\\"~remote.forwardedPortsContainer\\\",\\\"pinned\\\":true,\\\"visible\\\":false,\\\"order\\\":5},{\\\"id\\\":\\\"workbench.panel.repl\\\",\\\"pinned\\\":true,\\\"visible\\\":false,\\\"order\\\":2}]\"},\"workbench.view.extensions.state.hidden\":{\"version\":1,\"value\":\"[{\\\"id\\\":\\\"workbench.views.extensions.installed\\\",\\\"isHidden\\\":false},{\\\"id\\\":\\\"workbench.views.extensions.searchOutdated\\\",\\\"isHidden\\\":false},{\\\"id\\\":\\\"workbench.views.extensions.workspaceRecommendations\\\",\\\"isHidden\\\":false},{\\\"id\\\":\\\"workbench.views.extensions.popular\\\",\\\"isHidden\\\":false},{\\\"id\\\":\\\"workbench.views.extensions.searchRecentlyUpdated\\\",\\\"isHidden\\\":false},{\\\"id\\\":\\\"workbench.views.extensions.otherRecommendations\\\",\\\"isHidden\\\":false},{\\\"id\\\":\\\"extensions.recommendedList\\\",\\\"isHidden\\\":false},{\\\"id\\\":\\\"workbench.views.extensions.enabled\\\",\\\"isHidden\\\":true},{\\\"id\\\":\\\"workbench.views.extensions.disabled\\\",\\\"isHidden\\\":true},{\\\"id\\\":\\\"workbench.views.extensions.marketplace\\\",\\\"isHidden\\\":false},{\\\"id\\\":\\\"workbench.views.extensions.searchInstalled\\\",\\\"isHidden\\\":false},{\\\"id\\\":\\\"workbench.views.extensions.searchEnabled\\\",\\\"isHidden\\\":false},{\\\"id\\\":\\\"workbench.views.extensions.searchDisabled\\\",\\\"isHidden\\\":false},{\\\"id\\\":\\\"workbench.views.extensions.searchBuiltin\\\",\\\"isHidden\\\":false},{\\\"id\\\":\\\"workbench.views.extensions.searchWorkspaceUnsupported\\\",\\\"isHidden\\\":false},{\\\"id\\\":\\\"workbench.views.extensions.builtinFeatureExtensions\\\",\\\"isHidden\\\":false},{\\\"id\\\":\\\"workbench.views.extensions.builtinThemeExtensions\\\",\\\"isHidden\\\":false},{\\\"id\\\":\\\"workbench.views.extensions.builtinProgrammingLanguageExtensions\\\",\\\"isHidden\\\":false},{\\\"id\\\":\\\"workbench.views.extensions.untrustedUnsupportedExtensions\\\",\\\"isHidden\\\":false},{\\\"id\\\":\\\"workbench.views.extensions.untrustedPartiallySupportedExtensions\\\",\\\"isHidden\\\":false},{\\\"id\\\":\\\"workbench.views.extensions.virtualUnsupportedExtensions\\\",\\\"isHidden\\\":false},{\\\"id\\\":\\\"workbench.views.extensions.virtualPartiallySupportedExtensions\\\",\\\"isHidden\\\":false},{\\\"id\\\":\\\"workbench.views.extensions.deprecatedExtensions\\\",\\\"isHidden\\\":false},{\\\"id\\\":\\\"workbench.views.mcp.installed\\\",\\\"isHidden\\\":false},{\\\"id\\\":\\\"workbench.views.mcp.marketplace\\\",\\\"isHidden\\\":false}]\"},\"workbench.view.extension.cph-judge-view-container.state.hidden\":{\"version\":1,\"value\":\"[{\\\"id\\\":\\\"cph.judgeView\\\",\\\"isHidden\\\":false}]\"},\"workbench.scm.views.state.hidden\":{\"version\":1,\"value\":\"[{\\\"id\\\":\\\"workbench.scm.repositories\\\",\\\"isHidden\\\":true},{\\\"id\\\":\\\"workbench.scm\\\",\\\"isHidden\\\":false},{\\\"id\\\":\\\"workbench.scm.history\\\",\\\"isHidden\\\":false}]\"},\"workbench.panel.alignment\":{\"version\":1,\"value\":\"center\"},\"commandPalette.mru.cache\":{\"version\":1,\"value\":\"{\\\"usesLRU\\\":true,\\\"entries\\\":[{\\\"key\\\":\\\"workbench.action.reloadWindow\\\",\\\"value\\\":2},{\\\"key\\\":\\\"workbench.userDataSync.actions.turnOff\\\",\\\"value\\\":4},{\\\"key\\\":\\\"workbench.userDataSync.actions.settings\\\",\\\"value\\\":5},{\\\"key\\\":\\\"workbench.profiles.actions.switchProfile\\\",\\\"value\\\":8}]}\"},\"commandPalette.mru.counter\":{\"version\":1,\"value\":\"9\"},\"workbench.panel.markers.hidden\":{\"version\":1,\"value\":\"[{\\\"id\\\":\\\"workbench.panel.markers.view\\\",\\\"isHidden\\\":false}]\"},\"workbench.panel.output.hidden\":{\"version\":1,\"value\":\"[{\\\"id\\\":\\\"workbench.panel.output\\\",\\\"isHidden\\\":false}]\"},\"terminal.hidden\":{\"version\":1,\"value\":\"[{\\\"id\\\":\\\"terminal\\\",\\\"isHidden\\\":false}]\"},\"workbench.view.search.state.hidden\":{\"version\":1,\"value\":\"[{\\\"id\\\":\\\"workbench.view.search\\\",\\\"isHidden\\\":false}]\"},\"workbench.activityBar.location\":{\"version\":1,\"value\":\"default\"},\"workbench.view.debug.state.hidden\":{\"version\":1,\"value\":\"[{\\\"id\\\":\\\"workbench.debug.welcome\\\",\\\"isHidden\\\":false},{\\\"id\\\":\\\"workbench.debug.variablesView\\\",\\\"isHidden\\\":false},{\\\"id\\\":\\\"workbench.debug.watchExpressionsView\\\",\\\"isHidden\\\":false},{\\\"id\\\":\\\"workbench.debug.callStackView\\\",\\\"isHidden\\\":false},{\\\"id\\\":\\\"workbench.debug.loadedScriptsView\\\",\\\"isHidden\\\":false},{\\\"id\\\":\\\"workbench.debug.breakPointsView\\\",\\\"isHidden\\\":false},{\\\"id\\\":\\\"jsBrowserBreakpoints\\\",\\\"isHidden\\\":false},{\\\"id\\\":\\\"jsExcludedCallers\\\",\\\"isHidden\\\":false},{\\\"id\\\":\\\"CppSshTargetsView\\\",\\\"isHidden\\\":false},{\\\"id\\\":\\\"jsDebugNetworkTree\\\",\\\"isHidden\\\":false}]\"},\"~remote.forwardedPortsContainer.hidden\":{\"version\":1,\"value\":\"[{\\\"id\\\":\\\"~remote.forwardedPorts\\\",\\\"isHidden\\\":false}]\"},\"workbench.view.extension.dockerView.state.hidden\":{\"version\":1,\"value\":\"[{\\\"id\\\":\\\"dockerContainers\\\",\\\"isHidden\\\":false},{\\\"id\\\":\\\"dockerImages\\\",\\\"isHidden\\\":false},{\\\"id\\\":\\\"dockerRegistries\\\",\\\"isHidden\\\":false},{\\\"id\\\":\\\"dockerNetworks\\\",\\\"isHidden\\\":false},{\\\"id\\\":\\\"dockerVolumes\\\",\\\"isHidden\\\":false},{\\\"id\\\":\\\"vscode-docker.views.dockerContexts\\\",\\\"isHidden\\\":false},{\\\"id\\\":\\\"vscode-docker.views.help\\\",\\\"isHidden\\\":false}]\"},\"snippets.usageTimestamps\":{\"version\":1,\"value\":\"[[\\\"cpp.json/Petr template\\\",1750394797113]]\"},\"workbench.telemetryOptOutShown\":{\"version\":1,\"value\":\"true\"},\"workbench.welcomePage.walkthroughMetadata\":{\"version\":1,\"value\":\"[[\\\"ms-vscode.cpptools#cppWelcome\\\",{\\\"firstSeen\\\":1728283632045,\\\"stepIDs\\\":[\\\"awaiting.activation.mac\\\",\\\"awaiting.activation.linux\\\",\\\"awaiting.activation.windows\\\",\\\"awaiting.activation.windows10\\\",\\\"awaiting.activation.windows11\\\",\\\"no.compilers.found.mac\\\",\\\"no.compilers.found.linux\\\",\\\"no.compilers.found.windows\\\",\\\"no.compilers.found.windows10\\\",\\\"no.compilers.found.windows11\\\",\\\"verify.compiler.mac\\\",\\\"verify.compiler.linux\\\",\\\"verify.compiler.windows\\\",\\\"verify.compiler.windows10\\\",\\\"verify.compiler.windows11\\\",\\\"create.cpp.file\\\",\\\"relaunch.developer.command.prompt.windows\\\",\\\"run.project.mac\\\",\\\"run.project.linux\\\",\\\"run.project.windows\\\",\\\"customize.debugging.linux\\\",\\\"customize.debugging.windows\\\",\\\"customize.debugging.mac\\\"],\\\"manaullyOpened\\\":false}]]\"},\"workbench.panel.chat.hidden\":{\"version\":1,\"value\":\"[{\\\"id\\\":\\\"workbench.panel.chat.view.copilot\\\",\\\"isHidden\\\":false}]\"},\"workbench.auxiliarybar.pinnedPanels\":{\"version\":1,\"value\":\"[{\\\"id\\\":\\\"workbench.panel.chat\\\",\\\"pinned\\\":true,\\\"visible\\\":false,\\\"order\\\":100}]\"}}}"}}