{"ref":"56ecb1c7-7ce4-436d-95f0-026e0b4e7778","syncData":{"version":1,"machineId":"e2f537a8-6d5d-47f5-addb-e722de604f84","content":"{\"cpp.json\":\"{ // @author josuerom\\n  \\\"#ifndef ONLINE_JUDGE\\\": {\\n  \\\"prefix\\\": \\\"online\\\",\\n  \\\"body\\\": [\\n  \\\"#ifndef ONLINE_JUDGE\\\",\\n  \\\"\\\\tfreopen(\\\\\\\"in1$1\\\\\\\", \\\\\\\"r\\\\\\\", stdin);\\\",\\n  \\\"\\\\tfreopen(\\\\\\\"output\\\\\\\", \\\\\\\"w\\\\\\\", stdout);\\\",\\n  \\\"#endif\\\"\\n  ]\\n  },\\n  \\\"ios::sync_with_stdio(false);\\\\ncin.tie(0); cout.tie(0);\\\": {\\n  \\\"prefix\\\": \\\"ios\\\",\\n  \\\"body\\\": [\\n  \\\"ios::sync_with_stdio(false);\\\",\\n  \\\"cin.tie(0); cout.tie(0);\\\"\\n  ]\\n  },\\n  \\\"using namespace std;\\\": {\\n  \\\"prefix\\\": \\\"usin\\\",\\n  \\\"body\\\": [\\n  \\\"using namespace std;\\\"\\n  ]\\n  },\\n  \\\"read char[] with space\\\": {\\n  \\\"prefix\\\": \\\"rac\\\",\\n  \\\"body\\\": [\\n  \\\"cin.getline(${1:s}, ${2:n}, '\\\\\\\\n');\\\"\\n  ]\\n  },\\n  \\\"read string with space\\\": {\\n  \\\"prefix\\\": \\\"rln\\\",\\n  \\\"body\\\": [\\n  \\\"getline(cin, ${1:s});\\\"\\n  ]\\n  },\\n  \\\"for (int x)\\\": {\\n  \\\"prefix\\\": \\\"for\\\",\\n  \\\"body\\\": [\\n  \\\"for (int $1; $2; $3) {\\\\n$4\\\\n}\\\"\\n  ]\\n  },\\n  \\\"for (int i = 0; i < n; i++)\\\": {\\n  \\\"prefix\\\": \\\"fori\\\",\\n  \\\"body\\\": [\\n  \\\"for (int ${1:i} = 0; ${1:i} < $2; ${1:i}++) $3\\\"\\n  ]\\n  },\\n  \\\"for (int i = n; i >= 0; i--)\\\": {\\n  \\\"prefix\\\": \\\"forr\\\",\\n  \\\"body\\\": [\\n  \\\"for (int ${1:i} = $2 - 1; ${1:i} >= 0; ${1:i}--) $3\\\"\\n  ]\\n  },\\n  \\\"for (auto &e : vector)\\\": {\\n  \\\"prefix\\\": \\\"forev\\\",\\n  \\\"body\\\": [\\n  \\\"for (auto &e : $1) cout << e << \\\\\\\" \\\\\\\";\\\",\\n  \\\"cout << \\\\\\\"\\\\\\\\n\\\\\\\";\\\"\\n  ]\\n  },\\n  \\\"for (auto &[] : pair)\\\": {\\n  \\\"prefix\\\": \\\"forep\\\",\\n  \\\"body\\\": [\\n  \\\"for (auto &[f, s] : $1) {\\\",\\n  \\\"}\\\"\\n  ]\\n  },\\n  \\\"void preCalculate()\\\": {\\n  \\\"prefix\\\": \\\"funp\\\",\\n  \\\"body\\\": [\\n  \\\"void preCalculate($3) {\\\",\\n  \\\"}\\\"\\n  ]\\n  },\\n  \\\"function<> template\\\": {\\n  \\\"prefix\\\": \\\"funt\\\",\\n  \\\"body\\\": [\\n  \\\"function<int$1(int)> $2 = [&](int n) {\\\",\\n  \\\"};\\\"\\n  ]\\n  },\\n  \\\"read test case\\\": {\\n  \\\"prefix\\\": \\\"tt\\\",\\n  \\\"body\\\": [\\n  \\\"int tt;\\\",\\n  \\\"cin >> tt;\\\",\\n  \\\"while (tt--) {\\\",\\n  \\\"\\\\t$1\\\",\\n  \\\"}\\\"\\n  ]\\n  },\\n  \\\"#include <bits/stdc++.h>\\\": {\\n  \\\"prefix\\\": \\\"incl\\\",\\n  \\\"body\\\": [\\n  \\\"#include <bits/stdc++.h>$1\\\"\\n  ]\\n  },\\n  \\\"cin for two\\\": {\\n  \\\"prefix\\\": \\\"cin2\\\",\\n  \\\"body\\\": [\\n  \\\"cin >> $1 >> $2;\\\"\\n  ]\\n  },\\n  \\\"cin for three\\\": {\\n  \\\"prefix\\\": \\\"cin3\\\",\\n  \\\"body\\\": [\\n  \\\"cin >> $1 >> $2 >> $3;\\\"\\n  ]\\n  },\\n  \\\"cin for four\\\": {\\n  \\\"prefix\\\": \\\"cin4\\\",\\n  \\\"body\\\": [\\n  \\\"cin >> $1 >> $2 >> $3 >> $4;\\\"\\n  ]\\n  },\\n  \\\"cin for five\\\": {\\n  \\\"prefix\\\": \\\"cin5\\\",\\n  \\\"body\\\": [\\n  \\\"cin >> $1 >> $2 >> $3 >> $4 >> $5;\\\"\\n  ]\\n  },\\n  \\\"cout for two\\\": {\\n  \\\"prefix\\\": \\\"cout2\\\",\\n  \\\"body\\\": [\\n  \\\"cout << $1 << \\\\\\\" \\\\\\\" << $2 << nl;\\\"\\n  ]\\n  },\\n  \\\"cout for three\\\": {\\n  \\\"prefix\\\": \\\"cout3\\\",\\n  \\\"body\\\": [\\n  \\\"cout << $1 << \\\\\\\" \\\\\\\" << $2 << \\\\\\\" \\\\\\\" << $3 << nl;\\\"\\n  ]\\n  },\\n  \\\"cout for four\\\": {\\n  \\\"prefix\\\": \\\"cout4\\\",\\n  \\\"body\\\": [\\n  \\\"cout << $1 << \\\\\\\" \\\\\\\" << $2 << \\\\\\\" \\\\\\\" << $3 << \\\\\\\" \\\\\\\" << $4 << nl;\\\"\\n  ]\\n  },\\n  \\\"cout for five\\\": {\\n  \\\"prefix\\\": \\\"cout5\\\",\\n  \\\"body\\\": [\\n  \\\"cout << $1 << \\\\\\\" \\\\\\\" << $2 << \\\\\\\" \\\\\\\" << $3 << \\\\\\\" \\\\\\\" << $4 << \\\\\\\" \\\\\\\" << $5 << nl;\\\"\\n  ]\\n  },\\n  \\\"scanf(%d)\\\": {\\n  \\\"prefix\\\": \\\"sc\\\",\\n  \\\"body\\\": [\\n  \\\"scanf(\\\\\\\"%d$1\\\\\\\\n\\\\\\\", &$2);\\\"\\n  ]\\n  },\\n  \\\"printf(%d)\\\": {\\n  \\\"prefix\\\": \\\"pr\\\",\\n  \\\"body\\\": [\\n  \\\"printf(\\\\\\\"%d\\\\\\\\n$1\\\\\\\", $2);\\\"\\n  ]\\n  },\\n  \\\"printf ternary operator\\\": {\\n  \\\"prefix\\\": \\\"pter\\\",\\n  \\\"body\\\": [\\n  \\\"printf(\\\\\\\"%d$1\\\\\\\\n\\\\\\\", ($2 ? $3 : $4));\\\"\\n  ]\\n  },\\n  \\\"assignment ternary operator\\\": {\\n  \\\"prefix\\\": \\\"ater\\\",\\n  \\\"body\\\": [\\n  \\\"$1 = $2 ? $3 : $4;\\\"\\n  ]\\n  },\\n  \\\"cout ternary operator\\\": {\\n  \\\"prefix\\\": \\\"cter\\\",\\n  \\\"body\\\": [\\n  \\\"cout << ($1 ? $2 : $3) << \\\\\\\"\\\\\\\\n\\\\\\\";\\\"\\n  ]\\n  },\\n  \\\"cout ternary YES or NO\\\": {\\n  \\\"prefix\\\": \\\"coutv1\\\",\\n  \\\"body\\\": [\\n  \\\"cout << ($1 ? \\\\\\\"YES\\\\\\\" : \\\\\\\"NO\\\\\\\") << \\\\\\\"\\\\\\\\n\\\\\\\";\\\"\\n  ]\\n  },\\n  \\\"cout ternary yes or no\\\": {\\n  \\\"prefix\\\": \\\"coutv2\\\",\\n  \\\"body\\\": [\\n  \\\"cout << ($1 ? \\\\\\\"yes\\\\\\\" : \\\\\\\"no\\\\\\\") << \\\\\\\"\\\\\\\\n\\\\\\\";\\\"\\n  ]\\n  },\\n  \\\".begin(), .end()\\\": {\\n  \\\"prefix\\\": \\\"all\\\",\\n  \\\"body\\\": [\\n  \\\"$1.begin(), $1.end()\\\"\\n  ]\\n  },\\n  \\\".rbegin(), .rend()\\\": {\\n  \\\"prefix\\\": \\\"rall\\\",\\n  \\\"body\\\": [\\n  \\\"$1.rbegin(), $1.rend()\\\"\\n  ]\\n  },\\n  \\\"sum of elements\\\": {\\n  \\\"prefix\\\": \\\"sum\\\",\\n  \\\"body\\\": [\\n  \\\"int sum = accumulate($1.begin(), $1.end(), 0);\\\"\\n  ]\\n  },\\n  \\\"index distance\\\": {\\n  \\\"prefix\\\": \\\"dist\\\",\\n  \\\"body\\\": [\\n  \\\"auto it = lower_bound($1.begin(), $1.end());\\\",\\n  \\\"int d1 = distance($1.begin(), it);\\\"\\n  ]\\n  },\\n  \\\"binary search\\\": {\\n  \\\"prefix\\\": \\\"busb\\\",\\n  \\\"body\\\": [\\n  \\\"int bs = binary_search($1.begin(), $1.end(), $2);\\\"\\n  ]\\n  },\\n  \\\"sort container\\\": {\\n  \\\"prefix\\\": \\\"sort\\\",\\n  \\\"body\\\": [\\n  \\\"sort($1.begin(), $1.end());\\\"\\n  ]\\n  },\\n  \\\"set const N\\\": {\\n  \\\"prefix\\\": \\\"setn\\\",\\n  \\\"body\\\": [\\n  \\\"const int N = (1e$1) + 100;\\\"\\n  ]\\n  },\\n  \\\"header for file\\\": {\\n  \\\"prefix\\\": \\\"author\\\",\\n  \\\"body\\\": [\\n  \\\"/**\\\",\\n  \\\" *   author:  $1\\\",\\n  \\\" *   created: ${CURRENT_DATE}/${CURRENT_MONTH}/${CURRENT_YEAR_SHORT} ${CURRENT_HOUR}:${CURRENT_MINUTE}:${CURRENT_SECOND}\\\",\\n  \\\"**/\\\"\\n  ]\\n  },\\n  \\\"date for file\\\": {\\n  \\\"prefix\\\": \\\"date\\\",\\n  \\\"body\\\": [\\n  \\\" *   created: ${CURRENT_DATE}/${CURRENT_MONTH}/${CURRENT_YEAR_SHORT} ${CURRENT_HOUR}:${CURRENT_MINUTE}:${CURRENT_SECOND}\\\"\\n  ]\\n  },\\n  \\\"#pragma GCC\\\": {\\n  \\\"prefix\\\": \\\"gcc\\\",\\n  \\\"body\\\": [\\n  \\\"#pragma GCC optimize(\\\\\\\"Ofast\\\\\\\")\\\"\\n  ]\\n  },\\n  \\\"LOCAL debugger\\\": {\\n  \\\"prefix\\\": \\\"debug\\\",\\n  \\\"body\\\": [\\n  \\\"#ifdef LOCAL\\\",\\n  \\\"#include \\\\\\\"../debug/debug.h\\\\\\\"\\\",\\n  \\\"#else\\\",\\n  \\\"#define debug(...) 42\\\",\\n  \\\"#endif\\\\n\\\"\\n  ]\\n  },\\n  \\\"Codeforces template\\\": {\\n  \\\"prefix\\\": \\\"tem1\\\",\\n  \\\"body\\\": [\\n  \\\"/**\\\",\\n  \\\" *   author:  $1\\\",\\n  \\\" *   created: ${CURRENT_DATE}/${CURRENT_MONTH}/${CURRENT_YEAR_SHORT} ${CURRENT_HOUR}:${CURRENT_MINUTE}:${CURRENT_SECOND}\\\",\\n  \\\"**/\\\",\\n  \\\"#include <bits/stdc++.h>\\\",\\n  \\\"using namespace std;\\\\n\\\",\\n  \\\"#define ll  unsigned long long\\\",\\n  \\\"#define nl  '\\\\\\\\n'\\\",\\n  \\\"\\\\nconst int N = (1e$3) + 100;\\\\n\\\",\\n  \\\"void solve() {\\\",\\n  \\\"}\\\\n\\\",\\n  \\\"int main() {\\\",\\n  \\\"\\\\tios::sync_with_stdio(false);\\\",\\n  \\\"\\\\tcin.tie(0); cout.tie(0);\\\",\\n  \\\"\\\\tint tt = 1;\\\",\\n  \\\"\\\\tcin >> tt;$2\\\",\\n  \\\"#ifdef LOCAL\\\",\\n  \\\"\\\\tfor (int i = 1; i <= tt; i++) {\\\",\\n  \\\"\\\\t\\\\tcout << \\\\\\\"Case #\\\\\\\" << i << \\\\\\\":\\\\\\\\n\\\\\\\";\\\",\\n  \\\"\\\\t\\\\tsolve();\\\",\\n  \\\"\\\\t}\\\",\\n  \\\"#else\\\",\\n  \\\"\\\\twhile (tt--) solve();\\\",\\n  \\\"#endif\\\",\\n  \\\"}\\\"\\n  ],\\n  \\\"description\\\": \\\"Plantilla para entrenar en codeforces\\\"\\n  },\\n  \\\"Light template\\\": {\\n  \\\"prefix\\\": \\\"tem2\\\",\\n  \\\"body\\\": [\\n  \\\"/**\\\",\\n  \\\" *   author:  $1\\\",\\n  \\\" *   created: ${CURRENT_DATE}/${CURRENT_MONTH}/${CURRENT_YEAR_SHORT} ${CURRENT_HOUR}:${CURRENT_MINUTE}:${CURRENT_SECOND}\\\",\\n  \\\"**/\\\",\\n  \\\"#include <bits/stdc++.h>\\\\n\\\",\\n  \\\"using namespace std;\\\\n\\\",\\n  \\\"int main() {\\\",\\n  \\\"\\\\tios::sync_with_stdio(false);\\\",\\n  \\\"\\\\tcin.tie(0); cout.tie(0);\\\",\\n  \\\"\\\\t$2\\\",\\n  \\\"}\\\"\\n  ],\\n  \\\"description\\\": \\\"Plantilla básica sin atajos\\\"\\n  },\\n  \\\"2 Bits template\\\": {\\n  \\\"prefix\\\": \\\"tem3\\\",\\n  \\\"body\\\": [\\n  \\\"/**\\\",\\n  \\\" *   author:  ${1:UnPasito_TunTun}\\\",\\n  \\\" *   created: ${CURRENT_DATE}/${CURRENT_MONTH}/${CURRENT_YEAR_SHORT} ${CURRENT_HOUR}:${CURRENT_MINUTE}:${CURRENT_SECOND}\\\",\\n  \\\"**/\\\",\\n  \\\"#include <bits/stdc++.h>\\\",\\n  \\\"using namespace std;\\\\n\\\",\\n  \\\"#define ll  unsigned long long\\\",\\n  \\\"#define nl  '\\\\\\\\n'\\\\n\\\",\\n  \\\"class Problem${TM_FILENAME_BASE} {\\\",\\n  \\\"public:\\\",\\n  \\\"\\\\t$3\\\\n\\\",\\n  \\\"\\\\tvoid aSolution() {\\\",\\n  \\\"\\\\t}\\\\n\\\",\\n  \\\"\\\\tvoid readTc() {\\\",\\n  \\\"\\\\t\\\\tint TC;\\\",\\n  \\\"\\\\t\\\\tcin >> TC;\\\",\\n  \\\"#ifdef LOCAL\\\",\\n  \\\"\\\\t\\\\tfor (int i = 1; i <= TC; i++) {\\\",\\n  \\\"\\\\t\\\\t\\\\tcout << \\\\\\\"Case #\\\\\\\" << i << \\\\\\\":\\\\\\\\n\\\\\\\";\\\",\\n  \\\"\\\\t\\\\t\\\\taSolution();\\\",\\n  \\\"\\\\t\\\\t}\\\",\\n  \\\"#else\\\",\\n  \\\"\\\\t\\\\twhile (TC--) aSolution();\\\",\\n  \\\"#endif\\\",\\n  \\\"\\\\t}\\\",\\n  \\\"};\\\\n\\\",\\n  \\\"int main() {\\\",\\n  \\\"\\\\tios::sync_with_stdio(false);\\\",\\n  \\\"\\\\tcin.tie(0); cout.tie(0);\\\",\\n  \\\"\\\\tProblem${TM_FILENAME_BASE} in;\\\",\\n  \\\"\\\\tin.readTc();$2\\\",\\n  \\\"\\\\t// in.aSolution();$2\\\",\\n  \\\"\\\\treturn 0;\\\",\\n  \\\"}\\\"\\n  ],\\n  \\\"description\\\": \\\"Plantilla para el equipo de programación\\\"\\n  },\\n  \\\"Um_nik template\\\": {\\n  \\\"prefix\\\": \\\"tem4\\\",\\n  \\\"body\\\": [\\n  \\\"/**\\\",\\n  \\\" *   author:  $1\\\",\\n  \\\" *   created: ${CURRENT_DATE}/${CURRENT_MONTH}/${CURRENT_YEAR_SHORT} ${CURRENT_HOUR}:${CURRENT_MINUTE}:${CURRENT_SECOND}\\\",\\n  \\\"**/\\\",\\n  \\\"#include <bits/stdc++.h>\\\",\\n  \\\"using namespace std;\\\",\\n  \\\"\\\",\\n  \\\"#ifdef LOCAL\\\",\\n  \\\"\\\\t#define eprintf(...) {fprintf(stderr, __VA_ARGS__); fflush(stderr);}\\\",\\n  \\\"#else\\\",\\n  \\\"\\\\t#define eprintf(...) 42\\\",\\n  \\\"#endif\\\",\\n  \\\"\\\",\\n  \\\"using ll = long long;\\\",\\n  \\\"using ld = long double;\\\",\\n  \\\"using uint = unsigned int;\\\",\\n  \\\"using ull = unsigned long long;\\\",\\n  \\\"using pii = pair<int, int>;\\\",\\n  \\\"using psi = pair<string, int>;\\\",\\n  \\\"using pll = pair<ll, ll>;\\\",\\n  \\\"mt19937_64 rng(chrono::steady_clock::now().time_since_epoch().count());\\\",\\n  \\\"ll randomNumber(ll B) {\\\",\\n  \\\"   return (ull)rng() % B;\\\",\\n  \\\"}\\\",\\n  \\\"\\\",\\n  \\\"#define pb  push_back\\\",\\n  \\\"#define ss  second\\\",\\n  \\\"#define ff  first\\\",\\n  \\\"\\\",\\n  \\\"clock_t startTime;\\\",\\n  \\\"double getSolutionTime() {\\\",\\n  \\\"   return (double)(clock() - startTime) / CLOCKS_PER_SEC;\\\",\\n  \\\"}\\\\n\\\",\\n  \\\"$3\\\\n\\\",\\n  \\\"void solve() {\\\",\\n  \\\"}\\\",\\n  \\\"\\\",\\n  \\\"int main() {\\\",\\n  \\\"   startTime = clock();\\\",\\n  \\\"   int T = 1;\\\",\\n  \\\"   scanf(\\\\\\\"%d\\\\\\\", &T);$2\\\",\\n  \\\"   for (int i = 1; i <= T; i++) {\\\",\\n  \\\"      eprintf(\\\\\\\"Case #%d:\\\\\\\\n\\\\\\\", i);\\\",\\n  \\\"      solve();\\\",\\n  \\\"      eprintf(\\\\\\\"time %.4lf ms\\\\\\\\n\\\\\\\", getSolutionTime());\\\",\\n  \\\"  }\\\",\\n  \\\"  return 0;\\\",\\n  \\\"}\\\"\\n  ],\\n  \\\"description\\\": \\\"Plantilla del competidor avanzado Um_nik\\\"\\n  },\\n  \\\"Petr template\\\": {\\n  \\\"prefix\\\": \\\"tem5\\\",\\n  \\\"body\\\": [\\n  \\\"/**\\\",\\n  \\\" * Template taken from the advanced competitor https://codeforces.com/profile/Petr\\\",\\n  \\\" * I am a beginner hobbyist who takes templates to feel advanced.\\\",\\n  \\\" * The possible solution is found in the number line 1072.\\\\n\\\",\\n  \\\" *  author: $1 | file generation: ${CURRENT_DATE}/${CURRENT_MONTH}/${CURRENT_YEAR_SHORT} ${CURRENT_HOUR}:${CURRENT_MINUTE}:${CURRENT_SECOND}\\\",\\n  \\\"**/\\\",\\n  \\\"#undef NDEBUG\\\",\\n  \\\"#include <algorithm>\\\",\\n  \\\"#include <array>\\\",\\n  \\\"#include <bitset>\\\",\\n  \\\"#include <cassert>\\\",\\n  \\\"#include <climits>\\\",\\n  \\\"#include <cstdint>\\\",\\n  \\\"#include <cmath>\\\",\\n  \\\"#include <complex>\\\",\\n  \\\"#include <cstdio>\\\",\\n  \\\"#include <cstdlib>\\\",\\n  \\\"#include <cstring>\\\",\\n  \\\"#include <functional>\\\",\\n  \\\"#include <iomanip>\\\",\\n  \\\"#include <iostream>\\\",\\n  \\\"#include <map>\\\",\\n  \\\"#include <memory>\\\",\\n  \\\"#include <numeric>\\\",\\n  \\\"#include <queue>\\\",\\n  \\\"#include <random>\\\",\\n  \\\"#include <set>\\\",\\n  \\\"#include <stack>\\\",\\n  \\\"#include <string>\\\",\\n  \\\"#include <unordered_set>\\\",\\n  \\\"#include <unordered_map>\\\",\\n  \\\"#include <vector>\\\",\\n  \\\"// AtCoder library from https://github.com/atcoder/ac-library\\\",\\n  \\\"#ifndef ATCODER_CONVOLUTION_HPP\\\",\\n  \\\"#define ATCODER_CONVOLUTION_HPP 1\\\\n\\\",\\n  \\\"#include <type_traits>\\\\n\\\",\\n  \\\"#ifndef ATCODER_INTERNAL_BITOP_HPP\\\",\\n  \\\"#define ATCODER_INTERNAL_BITOP_HPP 1\\\\n\\\",\\n  \\\"#ifdef _MSC_VER\\\",\\n  \\\"#include <intrin.h>\\\",\\n  \\\"#endif\\\\n\\\",\\n  \\\"namespace atcoder {\\\",\\n  \\\"   namespace internal {\\\",\\n  \\\"      // @param n `0 <= n`\\\",\\n  \\\"      // @return minimum non-negative `x` s.t. `n <= 2**x`\\\",\\n  \\\"      int ceil_pow2(int n) {\\\",\\n  \\\"         int x = 0;\\\",\\n  \\\"         while ((1U << x) < (unsigned int)(n))\\\",\\n  \\\"            x++;\\\",\\n  \\\"         return x;\\\",\\n  \\\"      }\\\",\\n  \\\"\\\",\\n  \\\"      // @param n `1 <= n`\\\",\\n  \\\"      // @return minimum non-negative `x` s.t. `(n & (1 << x)) != 0`\\\",\\n  \\\"      int bsf(unsigned int n) {\\\",\\n  \\\"         #ifdef _MSC_VER\\\",\\n  \\\"         unsigned long index;\\\",\\n  \\\"         _BitScanForward(&index, n);\\\",\\n  \\\"         return index;\\\",\\n  \\\"         #else\\\",\\n  \\\"         return __builtin_ctz(n);\\\",\\n  \\\"         #endif\\\",\\n  \\\"      }\\\",\\n  \\\"   } // namespace internal\\\",\\n  \\\"} // namespace atcoder\\\",\\n  \\\"#endif // ATCODER_INTERNAL_BITOP_HPP\\\",\\n  \\\"\\\",\\n  \\\"#ifndef ATCODER_MODINT_HPP\\\",\\n  \\\"#define ATCODER_MODINT_HPP 1\\\",\\n  \\\"\\\",\\n  \\\"#ifndef ATCODER_INTERNAL_MATH_HPP\\\",\\n  \\\"#define ATCODER_INTERNAL_MATH_HPP 1\\\",\\n  \\\"\\\",\\n  \\\"#include <utility>\\\",\\n  \\\"\\\",\\n  \\\"namespace atcoder {\\\",\\n  \\\"   namespace internal {\\\",\\n  \\\"      // @param m `1 <= m`\\\",\\n  \\\"      // @return x mod m\\\",\\n  \\\"      constexpr long long safe_mod(long long x, long long m) {\\\",\\n  \\\"         x %= m;\\\",\\n  \\\"         if (x < 0)\\\",\\n  \\\"            x += m;\\\",\\n  \\\"         return x;\\\",\\n  \\\"      }\\\",\\n  \\\"\\\",\\n  \\\"      // Fast modular multiplication by barrett reduction\\\",\\n  \\\"      // Reference: https://en.wikipedia.org/wiki/Barrett_reduction\\\",\\n  \\\"      // NOTE: reconsider after Ice Lake\\\",\\n  \\\"      struct barrett {\\\",\\n  \\\"         unsigned int _m;\\\",\\n  \\\"         unsigned long long im;\\\",\\n  \\\"\\\",\\n  \\\"         // @param m `1 <= m < 2^31`\\\",\\n  \\\"         barrett(unsigned int m) : _m(m), im((unsigned long long)(-1) / m + 1) {}\\\",\\n  \\\"\\\",\\n  \\\"         // @return m\\\",\\n  \\\"         unsigned int umod() const { return _m; }\\\",\\n  \\\"\\\",\\n  \\\"         // @param a `0 <= a < m`\\\",\\n  \\\"         // @param b `0 <= b < m`\\\",\\n  \\\"         // @return `a * b % m`\\\",\\n  \\\"         unsigned int mul(unsigned int a, unsigned int b) const {\\\",\\n  \\\"            // [1] m = 1\\\",\\n  \\\"            // a = b = im = 0, so okay\\\",\\n  \\\"\\\",\\n  \\\"            // [2] m >= 2\\\",\\n  \\\"            // im = ceil(2^64 / m)\\\",\\n  \\\"            // -> im * m = 2^64 + r (0 <= r < m)\\\",\\n  \\\"            // let z = a*b = c*m + d (0 <= c, d < m)\\\",\\n  \\\"            // a*b * im = (c*m + d) * im = c*(im*m) + d*im = c*2^64 + c*r + d*im\\\",\\n  \\\"            // c*r + d*im < m * m + m * im < m * m + 2^64 + m <= 2^64 + m * (m + 1) < 2^64 * 2\\\",\\n  \\\"            // ((ab * im) >> 64) == c or c + 1\\\",\\n  \\\"            unsigned long long z = a;\\\",\\n  \\\"            z *= b;\\\",\\n  \\\"            #ifdef _MSC_VER\\\",\\n  \\\"            unsigned long long x;\\\",\\n  \\\"            _umul128(z, im, &x);\\\",\\n  \\\"            #else\\\",\\n  \\\"            unsigned long long x =\\\",\\n  \\\"                (unsigned long long)(((unsigned __int128)(z)*im) >> 64);\\\",\\n  \\\"            #endif\\\",\\n  \\\"            unsigned int v = (unsigned int)(z - x * _m);\\\",\\n  \\\"            if (_m <= v)\\\",\\n  \\\"               v += _m;\\\",\\n  \\\"            return v;\\\",\\n  \\\"         }\\\",\\n  \\\"      };\\\",\\n  \\\"\\\",\\n  \\\"      // @param n `0 <= n`\\\",\\n  \\\"      // @param m `1 <= m`\\\",\\n  \\\"      // @return `(x ** n) % m`\\\",\\n  \\\"      constexpr long long pow_mod_constexpr(long long x, long long n, int m) {\\\",\\n  \\\"         if (m == 1)\\\",\\n  \\\"            return 0;\\\",\\n  \\\"         unsigned int _m = (unsigned int)(m);\\\",\\n  \\\"         unsigned long long r = 1;\\\",\\n  \\\"         unsigned long long y = safe_mod(x, m);\\\",\\n  \\\"         while (n) {\\\",\\n  \\\"            if (n & 1)\\\",\\n  \\\"               r = (r * y) % _m;\\\",\\n  \\\"            y = (y * y) % _m;\\\",\\n  \\\"            n >>= 1;\\\",\\n  \\\"         }\\\",\\n  \\\"         return r;\\\",\\n  \\\"      }\\\",\\n  \\\"\\\",\\n  \\\"      // Reference:\\\",\\n  \\\"      // M. Forisek and J. Jancina,\\\",\\n  \\\"      // Fast Primality Testing for Integers That Fit into a Machine Word\\\",\\n  \\\"      // @param n `0 <= n`\\\",\\n  \\\"      constexpr bool is_prime_constexpr(int n) {\\\",\\n  \\\"         if (n <= 1)\\\",\\n  \\\"            return false;\\\",\\n  \\\"         if (n == 2 || n == 7 || n == 61)\\\",\\n  \\\"            return true;\\\",\\n  \\\"         if (n % 2 == 0)\\\",\\n  \\\"            return false;\\\",\\n  \\\"         long long d = n - 1;\\\",\\n  \\\"         while (d % 2 == 0)\\\",\\n  \\\"            d /= 2;\\\",\\n  \\\"         constexpr long long bases[3] = {2, 7, 61};\\\",\\n  \\\"         for (long long a : bases) {\\\",\\n  \\\"            long long t = d;\\\",\\n  \\\"            long long y = pow_mod_constexpr(a, t, n);\\\",\\n  \\\"            while (t != n - 1 && y != 1 && y != n - 1)\\\",\\n  \\\"            {\\\",\\n  \\\"               y = y * y % n;\\\",\\n  \\\"               t <<= 1;\\\",\\n  \\\"            }\\\",\\n  \\\"            if (y != n - 1 && t % 2 == 0)\\\",\\n  \\\"            {\\\",\\n  \\\"               return false;\\\",\\n  \\\"            }\\\",\\n  \\\"         }\\\",\\n  \\\"         return true;\\\",\\n  \\\"      }\\\",\\n  \\\"      template <int n>\\\",\\n  \\\"      constexpr bool is_prime = is_prime_constexpr(n);\\\",\\n  \\\"\\\",\\n  \\\"      // @param b `1 <= b`\\\",\\n  \\\"      // @return pair(g, x) s.t. g = gcd(a, b), xa = g (mod b), 0 <= x < b/g\\\",\\n  \\\"      constexpr std::pair<long long, long long> inv_gcd(long long a, long long b) {\\\",\\n  \\\"         a = safe_mod(a, b);\\\",\\n  \\\"         if (a == 0)\\\",\\n  \\\"            return {b, 0};\\\",\\n  \\\"\\\",\\n  \\\"         // Contracts:\\\",\\n  \\\"         // [1] s - m0 * a = 0 (mod b)\\\",\\n  \\\"         // [2] t - m1 * a = 0 (mod b)\\\",\\n  \\\"         // [3] s * |m1| + t * |m0| <= b\\\",\\n  \\\"         long long s = b, t = a;\\\",\\n  \\\"         long long m0 = 0, m1 = 1;\\\",\\n  \\\"\\\",\\n  \\\"         while (t) {\\\",\\n  \\\"            long long u = s / t;\\\",\\n  \\\"            s -= t * u;\\\",\\n  \\\"            m0 -= m1 * u; // |m1 * u| <= |m1| * s <= b\\\",\\n  \\\"\\\",\\n  \\\"            // [3]:\\\",\\n  \\\"            // (s - t * u) * |m1| + t * |m0 - m1 * u|\\\",\\n  \\\"            // <= s * |m1| - t * u * |m1| + t * (|m0| + |m1| * u)\\\",\\n  \\\"            // = s * |m1| + t * |m0| <= b\\\",\\n  \\\"\\\",\\n  \\\"            auto tmp = s;\\\",\\n  \\\"            s = t;\\\",\\n  \\\"            t = tmp;\\\",\\n  \\\"            tmp = m0;\\\",\\n  \\\"            m0 = m1;\\\",\\n  \\\"            m1 = tmp;\\\",\\n  \\\"         }\\\",\\n  \\\"         // by [3]: |m0| <= b/g\\\",\\n  \\\"         // by g != b: |m0| < b/g\\\",\\n  \\\"         if (m0 < 0)\\\",\\n  \\\"            m0 += b / s;\\\",\\n  \\\"         return {s, m0};\\\",\\n  \\\"      }\\\",\\n  \\\"\\\",\\n  \\\"      // Compile time primitive root\\\",\\n  \\\"      // @param m must be prime\\\",\\n  \\\"      // @return primitive root (and minimum in now)\\\",\\n  \\\"      constexpr int primitive_root_constexpr(int m) {\\\",\\n  \\\"         if (m == 2)\\\",\\n  \\\"            return 1;\\\",\\n  \\\"         if (m == 167772161)\\\",\\n  \\\"            return 3;\\\",\\n  \\\"         if (m == 469762049)\\\",\\n  \\\"            return 3;\\\",\\n  \\\"         if (m == 754974721)\\\",\\n  \\\"            return 11;\\\",\\n  \\\"         if (m == 998244353)\\\",\\n  \\\"            return 3;\\\",\\n  \\\"         int divs[20] = {};\\\",\\n  \\\"         divs[0] = 2;\\\",\\n  \\\"         int cnt = 1;\\\",\\n  \\\"         int x = (m - 1) / 2;\\\",\\n  \\\"         while (x % 2 == 0)\\\",\\n  \\\"            x /= 2;\\\",\\n  \\\"         for (int i = 3; (long long)(i)*i <= x; i += 2) {\\\",\\n  \\\"            if (x % i == 0) {\\\",\\n  \\\"               divs[cnt++] = i;\\\",\\n  \\\"               while (x % i == 0)\\\",\\n  \\\"               {\\\",\\n  \\\"                  x /= i;\\\",\\n  \\\"               }\\\",\\n  \\\"            }\\\",\\n  \\\"         }\\\",\\n  \\\"         if (x > 1) {\\\",\\n  \\\"            divs[cnt++] = x;\\\",\\n  \\\"         }\\\",\\n  \\\"         for (int g = 2;; g++) {\\\",\\n  \\\"            bool ok = true;\\\",\\n  \\\"            for (int i = 0; i < cnt; i++) {\\\",\\n  \\\"               if (pow_mod_constexpr(g, (m - 1) / divs[i], m) == 1) {\\\",\\n  \\\"                  ok = false;\\\",\\n  \\\"                  break;\\\",\\n  \\\"               }\\\",\\n  \\\"            }\\\",\\n  \\\"            if (ok)\\\",\\n  \\\"               return g;\\\",\\n  \\\"         }\\\",\\n  \\\"      }\\\",\\n  \\\"      template <int m>\\\",\\n  \\\"      constexpr int primitive_root = primitive_root_constexpr(m);\\\",\\n  \\\"   } // namespace internal\\\",\\n  \\\"} // namespace atcoder\\\",\\n  \\\"#endif // ATCODER_INTERNAL_MATH_HPP\\\",\\n  \\\"\\\",\\n  \\\"#ifndef ATCODER_INTERNAL_TYPE_TRAITS_HPP\\\",\\n  \\\"#define ATCODER_INTERNAL_TYPE_TRAITS_HPP 1\\\",\\n  \\\"\\\",\\n  \\\"namespace atcoder {\\\",\\n  \\\"   namespace internal {\\\",\\n  \\\"      #ifndef _MSC_VER\\\",\\n  \\\"      template <class T>\\\",\\n  \\\"      using is_signed_int128 =\\\",\\n  \\\"          typename std::conditional<std::is_same<T, __int128_t>::value ||\\\",\\n  \\\"                                    std::is_same<T, __int128>::value,\\\",\\n  \\\"                                    std::true_type,\\\",\\n  \\\"                                    std::false_type>::type;\\\",\\n  \\\"\\\",\\n  \\\"      template <class T>\\\",\\n  \\\"      using is_unsigned_int128 =\\\",\\n  \\\"          typename std::conditional<std::is_same<T, __uint128_t>::value ||\\\",\\n  \\\"                                    std::is_same<T, unsigned __int128>::value,\\\",\\n  \\\"                                    std::true_type,\\\",\\n  \\\"                                    std::false_type>::type;\\\",\\n  \\\"\\\",\\n  \\\"      template <class T>\\\",\\n  \\\"      using make_unsigned_int128 =\\\",\\n  \\\"          typename std::conditional<std::is_same<T, __int128_t>::value,\\\",\\n  \\\"                                    __uint128_t,\\\",\\n  \\\"                                    unsigned __int128>;\\\",\\n  \\\"\\\",\\n  \\\"      template <class T>\\\",\\n  \\\"      using is_integral = typename std::conditional<std::is_integral<T>::value ||\\\",\\n  \\\"                                                         is_signed_int128<T>::value ||\\\",\\n  \\\"                                                         is_unsigned_int128<T>::value,\\\",\\n  \\\"                                                    std::true_type,\\\",\\n  \\\"                                                    std::false_type>::type;\\\",\\n  \\\"\\\",\\n  \\\"      template <class T>\\\",\\n  \\\"      using is_signed_int = typename std::conditional<(is_integral<T>::value &&\\\",\\n  \\\"                                                       std::is_signed<T>::value) ||\\\",\\n  \\\"                                                       is_signed_int128<T>::value,\\\",\\n  \\\"                                                       std::true_type,\\\",\\n  \\\"                                                       std::false_type>::type;\\\",\\n  \\\"\\\",\\n  \\\"      template <class T>\\\",\\n  \\\"      using is_unsigned_int =\\\",\\n  \\\"          typename std::conditional<(is_integral<T>::value &&\\\",\\n  \\\"                                     std::is_unsigned<T>::value) ||\\\",\\n  \\\"                                     is_unsigned_int128<T>::value,\\\",\\n  \\\"                                     std::true_type,\\\",\\n  \\\"                                     std::false_type>::type;\\\",\\n  \\\"\\\",\\n  \\\"      template <class T>\\\",\\n  \\\"      using to_unsigned = typename std::conditional<\\\",\\n  \\\"          is_signed_int128<T>::value,\\\",\\n  \\\"          make_unsigned_int128<T>,\\\",\\n  \\\"          typename std::conditional<std::is_signed<T>::value,\\\",\\n  \\\"                                    std::make_unsigned<T>,\\\",\\n  \\\"                                    std::common_type<T>>::type>::type;\\\",\\n  \\\"\\\",\\n  \\\"      #else\\\",\\n  \\\"      template <class T>\\\",\\n  \\\"      using is_integral = typename std::is_integral<T>;\\\",\\n  \\\"\\\",\\n  \\\"      template <class T>\\\",\\n  \\\"      using is_signed_int =\\\",\\n  \\\"          typename std::conditional<is_integral<T>::value && std::is_signed<T>::value,\\\",\\n  \\\"                                    std::true_type,\\\",\\n  \\\"                                    std::false_type>::type;\\\",\\n  \\\"\\\",\\n  \\\"      template <class T>\\\",\\n  \\\"      using is_unsigned_int =\\\",\\n  \\\"          typename std::conditional<is_integral<T>::value &&\\\",\\n  \\\"                                        std::is_unsigned<T>::value,\\\",\\n  \\\"                                    std::true_type,\\\",\\n  \\\"                                    std::false_type>::type;\\\",\\n  \\\"\\\",\\n  \\\"      template <class T>\\\",\\n  \\\"      using to_unsigned = typename std::conditional<is_signed_int<T>::value,\\\",\\n  \\\"                                                    std::make_unsigned<T>,\\\",\\n  \\\"                                                    std::common_type<T>>::type;\\\",\\n  \\\"      #endif\\\",\\n  \\\"\\\",\\n  \\\"      template <class T>\\\",\\n  \\\"      using is_signed_int_t = std::enable_if_t<is_signed_int<T>::value>;\\\",\\n  \\\"\\\",\\n  \\\"      template <class T>\\\",\\n  \\\"      using is_unsigned_int_t = std::enable_if_t<is_unsigned_int<T>::value>;\\\",\\n  \\\"\\\",\\n  \\\"      template <class T>\\\",\\n  \\\"      using to_unsigned_t = typename to_unsigned<T>::type;\\\",\\n  \\\"   } // namespace internal\\\",\\n  \\\"} // namespace atcoder\\\",\\n  \\\"#endif // ATCODER_INTERNAL_TYPE_TRAITS_HPP\\\",\\n  \\\"\\\",\\n  \\\"namespace atcoder {\\\",\\n  \\\"   namespace internal {\\\",\\n  \\\"      struct modint_base\\\",\\n  \\\"      {\\\",\\n  \\\"      };\\\",\\n  \\\"      struct static_modint_base : modint_base\\\",\\n  \\\"      {\\\",\\n  \\\"      };\\\",\\n  \\\"\\\",\\n  \\\"      template <class T>\\\",\\n  \\\"      using is_modint = std::is_base_of<modint_base, T>;\\\",\\n  \\\"      template <class T>\\\",\\n  \\\"      using is_modint_t = std::enable_if_t<is_modint<T>::value>;\\\",\\n  \\\"   } // namespace internal\\\",\\n  \\\"\\\",\\n  \\\"   template <int m, std::enable_if_t<(1 <= m)> * = nullptr>\\\",\\n  \\\"   struct static_modint : internal::static_modint_base {\\\",\\n  \\\"      using mint = static_modint;\\\",\\n  \\\"\\\",\\n  \\\"   public:\\\",\\n  \\\"      static constexpr int mod() { return m; }\\\",\\n  \\\"      static mint raw(int v) {\\\",\\n  \\\"         mint x;\\\",\\n  \\\"         x._v = v;\\\",\\n  \\\"         return x;\\\",\\n  \\\"      }\\\",\\n  \\\"\\\",\\n  \\\"      static_modint() : _v(0) {}\\\",\\n  \\\"      template <class T, internal::is_signed_int_t<T> * = nullptr>\\\",\\n  \\\"      static_modint(T v)\\\",\\n  \\\"      {\\\",\\n  \\\"         long long x = (long long)(v % (long long)(umod()));\\\",\\n  \\\"         if (x < 0)\\\",\\n  \\\"            x += umod();\\\",\\n  \\\"         _v = (unsigned int)(x);\\\",\\n  \\\"      }\\\",\\n  \\\"      template <class T, internal::is_unsigned_int_t<T> * = nullptr>\\\",\\n  \\\"      static_modint(T v)\\\",\\n  \\\"      {\\\",\\n  \\\"         _v = (unsigned int)(v % umod());\\\",\\n  \\\"      }\\\",\\n  \\\"\\\",\\n  \\\"      unsigned int val() const { return _v; }\\\",\\n  \\\"\\\",\\n  \\\"      mint &operator++()\\\",\\n  \\\"      {\\\",\\n  \\\"         _v++;\\\",\\n  \\\"         if (_v == umod())\\\",\\n  \\\"            _v = 0;\\\",\\n  \\\"         return *this;\\\",\\n  \\\"      }\\\",\\n  \\\"      mint &operator--()\\\",\\n  \\\"      {\\\",\\n  \\\"         if (_v == 0)\\\",\\n  \\\"            _v = umod();\\\",\\n  \\\"         _v--;\\\",\\n  \\\"         return *this;\\\",\\n  \\\"      }\\\",\\n  \\\"      mint operator++(int)\\\",\\n  \\\"      {\\\",\\n  \\\"         mint result = *this;\\\",\\n  \\\"         ++*this;\\\",\\n  \\\"         return result;\\\",\\n  \\\"      }\\\",\\n  \\\"      mint operator--(int)\\\",\\n  \\\"      {\\\",\\n  \\\"         mint result = *this;\\\",\\n  \\\"         --*this;\\\",\\n  \\\"         return result;\\\",\\n  \\\"      }\\\",\\n  \\\"\\\",\\n  \\\"      mint &operator+=(const mint &rhs)\\\",\\n  \\\"      {\\\",\\n  \\\"         _v += rhs._v;\\\",\\n  \\\"         if (_v >= umod())\\\",\\n  \\\"            _v -= umod();\\\",\\n  \\\"         return *this;\\\",\\n  \\\"      }\\\",\\n  \\\"      mint &operator-=(const mint &rhs)\\\",\\n  \\\"      {\\\",\\n  \\\"         _v -= rhs._v;\\\",\\n  \\\"         if (_v >= umod())\\\",\\n  \\\"            _v += umod();\\\",\\n  \\\"         return *this;\\\",\\n  \\\"      }\\\",\\n  \\\"      mint &operator*=(const mint &rhs)\\\",\\n  \\\"      {\\\",\\n  \\\"         unsigned long long z = _v;\\\",\\n  \\\"         z *= rhs._v;\\\",\\n  \\\"         _v = (unsigned int)(z % umod());\\\",\\n  \\\"         return *this;\\\",\\n  \\\"      }\\\",\\n  \\\"      mint &operator/=(const mint &rhs) { return *this = *this * rhs.inv(); }\\\",\\n  \\\"\\\",\\n  \\\"      mint operator+() const { return *this; }\\\",\\n  \\\"      mint operator-() const { return mint() - *this; }\\\",\\n  \\\"\\\",\\n  \\\"      mint pow(long long n) const\\\",\\n  \\\"      {\\\",\\n  \\\"         assert(0 <= n);\\\",\\n  \\\"         mint x = *this, r = 1;\\\",\\n  \\\"         while (n) {\\\",\\n  \\\"            if (n & 1)\\\",\\n  \\\"               r *= x;\\\",\\n  \\\"            x *= x;\\\",\\n  \\\"            n >>= 1;\\\",\\n  \\\"         }\\\",\\n  \\\"         return r;\\\",\\n  \\\"      }\\\",\\n  \\\"      mint inv() const\\\",\\n  \\\"      {\\\",\\n  \\\"         if (prime) {\\\",\\n  \\\"            assert(_v);\\\",\\n  \\\"            return pow(umod() - 2);\\\",\\n  \\\"         } else {\\\",\\n  \\\"            auto eg = internal::inv_gcd(_v, m);\\\",\\n  \\\"            assert(eg.first == 1);\\\",\\n  \\\"            return eg.second;\\\",\\n  \\\"         }\\\",\\n  \\\"      }\\\",\\n  \\\"\\\",\\n  \\\"      friend mint operator+(const mint &lhs, const mint &rhs)\\\",\\n  \\\"      {\\\",\\n  \\\"         return mint(lhs) += rhs;\\\",\\n  \\\"      }\\\",\\n  \\\"      friend mint operator-(const mint &lhs, const mint &rhs)\\\",\\n  \\\"      {\\\",\\n  \\\"         return mint(lhs) -= rhs;\\\",\\n  \\\"      }\\\",\\n  \\\"      friend mint operator*(const mint &lhs, const mint &rhs)\\\",\\n  \\\"      {\\\",\\n  \\\"         return mint(lhs) *= rhs;\\\",\\n  \\\"      }\\\",\\n  \\\"      friend mint operator/(const mint &lhs, const mint &rhs)\\\",\\n  \\\"      {\\\",\\n  \\\"         return mint(lhs) /= rhs;\\\",\\n  \\\"      }\\\",\\n  \\\"      friend bool operator==(const mint &lhs, const mint &rhs)\\\",\\n  \\\"      {\\\",\\n  \\\"         return lhs._v == rhs._v;\\\",\\n  \\\"      }\\\",\\n  \\\"      friend bool operator!=(const mint &lhs, const mint &rhs)\\\",\\n  \\\"      {\\\",\\n  \\\"         return lhs._v != rhs._v;\\\",\\n  \\\"      }\\\",\\n  \\\"\\\",\\n  \\\"   private:\\\",\\n  \\\"      unsigned int _v;\\\",\\n  \\\"      static constexpr unsigned int umod() { return m; }\\\",\\n  \\\"      static constexpr bool prime = internal::is_prime<m>;\\\",\\n  \\\"   };\\\",\\n  \\\"\\\",\\n  \\\"   template <int id>\\\",\\n  \\\"   struct dynamic_modint : internal::modint_base {\\\",\\n  \\\"      using mint = dynamic_modint;\\\",\\n  \\\"\\\",\\n  \\\"   public:\\\",\\n  \\\"      static int mod() { return (int)(bt.umod()); }\\\",\\n  \\\"      static void set_mod(int m)\\\",\\n  \\\"      {\\\",\\n  \\\"         assert(1 <= m);\\\",\\n  \\\"         bt = internal::barrett(m);\\\",\\n  \\\"      }\\\",\\n  \\\"      static mint raw(int v)\\\",\\n  \\\"      {\\\",\\n  \\\"         mint x;\\\",\\n  \\\"         x._v = v;\\\",\\n  \\\"         return x;\\\",\\n  \\\"      }\\\",\\n  \\\"\\\",\\n  \\\"      dynamic_modint() : _v(0) {}\\\",\\n  \\\"      template <class T, internal::is_signed_int_t<T> * = nullptr>\\\",\\n  \\\"      dynamic_modint(T v) {\\\",\\n  \\\"         long long x = (long long)(v % (long long)(mod()));\\\",\\n  \\\"         if (x < 0)\\\",\\n  \\\"            x += mod();\\\",\\n  \\\"         _v = (unsigned int)(x);\\\",\\n  \\\"      }\\\",\\n  \\\"      template <class T, internal::is_unsigned_int_t<T> * = nullptr>\\\",\\n  \\\"      dynamic_modint(T v) {\\\",\\n  \\\"         _v = (unsigned int)(v % mod());\\\",\\n  \\\"      }\\\",\\n  \\\"\\\",\\n  \\\"      unsigned int val() const { return _v; }\\\",\\n  \\\"\\\",\\n  \\\"      mint &operator++()\\\",\\n  \\\"      {\\\",\\n  \\\"         _v++;\\\",\\n  \\\"         if (_v == umod())\\\",\\n  \\\"            _v = 0;\\\",\\n  \\\"         return *this;\\\",\\n  \\\"      }\\\",\\n  \\\"      mint &operator--()\\\",\\n  \\\"      {\\\",\\n  \\\"         if (_v == 0)\\\",\\n  \\\"            _v = umod();\\\",\\n  \\\"         _v--;\\\",\\n  \\\"         return *this;\\\",\\n  \\\"      }\\\",\\n  \\\"      mint operator++(int)\\\",\\n  \\\"      {\\\",\\n  \\\"         mint result = *this;\\\",\\n  \\\"         ++*this;\\\",\\n  \\\"         return result;\\\",\\n  \\\"      }\\\",\\n  \\\"      mint operator--(int)\\\",\\n  \\\"      {\\\",\\n  \\\"         mint result = *this;\\\",\\n  \\\"         --*this;\\\",\\n  \\\"         return result;\\\",\\n  \\\"      }\\\",\\n  \\\"\\\",\\n  \\\"      mint &operator+=(const mint &rhs)\\\",\\n  \\\"      {\\\",\\n  \\\"         _v += rhs._v;\\\",\\n  \\\"         if (_v >= umod())\\\",\\n  \\\"            _v -= umod();\\\",\\n  \\\"         return *this;\\\",\\n  \\\"      }\\\",\\n  \\\"      mint &operator-=(const mint &rhs)\\\",\\n  \\\"      {\\\",\\n  \\\"         _v += mod() - rhs._v;\\\",\\n  \\\"         if (_v >= umod())\\\",\\n  \\\"            _v -= umod();\\\",\\n  \\\"         return *this;\\\",\\n  \\\"      }\\\",\\n  \\\"      mint &operator*=(const mint &rhs)\\\",\\n  \\\"      {\\\",\\n  \\\"         _v = bt.mul(_v, rhs._v);\\\",\\n  \\\"         return *this;\\\",\\n  \\\"      }\\\",\\n  \\\"      mint &operator/=(const mint &rhs) { return *this = *this * rhs.inv(); }\\\",\\n  \\\"\\\",\\n  \\\"      mint operator+() const { return *this; }\\\",\\n  \\\"      mint operator-() const { return mint() - *this; }\\\",\\n  \\\"\\\",\\n  \\\"      mint pow(long long n) const {\\\",\\n  \\\"         assert(0 <= n);\\\",\\n  \\\"         mint x = *this, r = 1;\\\",\\n  \\\"         while (n) {\\\",\\n  \\\"            if (n & 1)\\\",\\n  \\\"               r *= x;\\\",\\n  \\\"            x *= x;\\\",\\n  \\\"            n >>= 1;\\\",\\n  \\\"         }\\\",\\n  \\\"         return r;\\\",\\n  \\\"      }\\\",\\n  \\\"      mint inv() const {\\\",\\n  \\\"         auto eg = internal::inv_gcd(_v, mod());\\\",\\n  \\\"         assert(eg.first == 1);\\\",\\n  \\\"         return eg.second;\\\",\\n  \\\"      }\\\",\\n  \\\"\\\",\\n  \\\"      friend mint operator+(const mint &lhs, const mint &rhs)\\\",\\n  \\\"      {\\\",\\n  \\\"         return mint(lhs) += rhs;\\\",\\n  \\\"      }\\\",\\n  \\\"      friend mint operator-(const mint &lhs, const mint &rhs)\\\",\\n  \\\"      {\\\",\\n  \\\"         return mint(lhs) -= rhs;\\\",\\n  \\\"      }\\\",\\n  \\\"      friend mint operator*(const mint &lhs, const mint &rhs)\\\",\\n  \\\"      {\\\",\\n  \\\"         return mint(lhs) *= rhs;\\\",\\n  \\\"      }\\\",\\n  \\\"      friend mint operator/(const mint &lhs, const mint &rhs)\\\",\\n  \\\"      {\\\",\\n  \\\"         return mint(lhs) /= rhs;\\\",\\n  \\\"      }\\\",\\n  \\\"      friend bool operator==(const mint &lhs, const mint &rhs)\\\",\\n  \\\"      {\\\",\\n  \\\"         return lhs._v == rhs._v;\\\",\\n  \\\"      }\\\",\\n  \\\"      friend bool operator!=(const mint &lhs, const mint &rhs)\\\",\\n  \\\"      {\\\",\\n  \\\"         return lhs._v != rhs._v;\\\",\\n  \\\"      }\\\",\\n  \\\"\\\",\\n  \\\"   private:\\\",\\n  \\\"      unsigned int _v;\\\",\\n  \\\"      static internal::barrett bt;\\\",\\n  \\\"      static unsigned int umod() { return bt.umod(); }\\\",\\n  \\\"   };\\\",\\n  \\\"   template <int id>\\\",\\n  \\\"   internal::barrett dynamic_modint<id>::bt = 998244353;\\\",\\n  \\\"\\\",\\n  \\\"   using modint998244353 = static_modint<998244353>;\\\",\\n  \\\"   using modint1000000007 = static_modint<1000000007>;\\\",\\n  \\\"   using modint = dynamic_modint<-1>;\\\",\\n  \\\"\\\",\\n  \\\"   namespace internal {\\\",\\n  \\\"      template <class T>\\\",\\n  \\\"      using is_static_modint = std::is_base_of<internal::static_modint_base, T>;\\\",\\n  \\\"\\\",\\n  \\\"      template <class T>\\\",\\n  \\\"      using is_static_modint_t = std::enable_if_t<is_static_modint<T>::value>;\\\",\\n  \\\"\\\",\\n  \\\"      template <class>\\\",\\n  \\\"      struct is_dynamic_modint : public std::false_type\\\",\\n  \\\"      {\\\",\\n  \\\"      };\\\",\\n  \\\"      template <int id>\\\",\\n  \\\"      struct is_dynamic_modint<dynamic_modint<id>> : public std::true_type\\\",\\n  \\\"      {\\\",\\n  \\\"      };\\\",\\n  \\\"\\\",\\n  \\\"      template <class T>\\\",\\n  \\\"      using is_dynamic_modint_t = std::enable_if_t<is_dynamic_modint<T>::value>;\\\",\\n  \\\"   } // namespace internal\\\",\\n  \\\"} // namespace atcoder\\\",\\n  \\\"#endif // ATCODER_MODINT_HPP\\\",\\n  \\\"\\\",\\n  \\\"namespace atcoder {\\\",\\n  \\\"   namespace internal    {\\\",\\n  \\\"      template <class mint, internal::is_static_modint_t<mint> * = nullptr>\\\",\\n  \\\"      void butterfly(std::vector<mint> &a) {\\\",\\n  \\\"         static constexpr int g = internal::primitive_root<mint::mod()>;\\\",\\n  \\\"         int n = int(a.size());\\\",\\n  \\\"         int h = internal::ceil_pow2(n);\\\",\\n  \\\"\\\",\\n  \\\"         static bool first = true;\\\",\\n  \\\"         static mint sum_e[30]; // sum_e[i] = ies[0] * ... * ies[i - 1] * es[i]\\\",\\n  \\\"         if (first) {\\\",\\n  \\\"            first = false;\\\",\\n  \\\"            mint es[30], ies[30]; // es[i]^(2^(2+i)) == 1\\\",\\n  \\\"            int cnt2 = bsf(mint::mod() - 1);\\\",\\n  \\\"            mint e = mint(g).pow((mint::mod() - 1) >> cnt2), ie = e.inv();\\\",\\n  \\\"            for (int i = cnt2; i >= 2; i--) {\\\",\\n  \\\"               // e^(2^i) == 1\\\",\\n  \\\"               es[i - 2] = e;\\\",\\n  \\\"               ies[i - 2] = ie;\\\",\\n  \\\"               e *= e;\\\",\\n  \\\"               ie *= ie;\\\",\\n  \\\"            }\\\",\\n  \\\"            mint now = 1;\\\",\\n  \\\"            for (int i = 0; i <= cnt2 - 2; i++) {\\\",\\n  \\\"               sum_e[i] = es[i] * now;\\\",\\n  \\\"               now *= ies[i];\\\",\\n  \\\"            }\\\",\\n  \\\"         }\\\",\\n  \\\"         for (int ph = 1; ph <= h; ph++) {\\\",\\n  \\\"            int w = 1 << (ph - 1), p = 1 << (h - ph);\\\",\\n  \\\"            mint now = 1;\\\",\\n  \\\"            for (int s = 0; s < w; s++) {\\\",\\n  \\\"               int offset = s << (h - ph + 1);\\\",\\n  \\\"               for (int i = 0; i < p; i++) {\\\",\\n  \\\"                  auto l = a[i + offset];\\\",\\n  \\\"                  auto r = a[i + offset + p] * now;\\\",\\n  \\\"                  a[i + offset] = l + r;\\\",\\n  \\\"                  a[i + offset + p] = l - r;\\\",\\n  \\\"               }\\\",\\n  \\\"               now *= sum_e[bsf(~(unsigned int)(s))];\\\",\\n  \\\"            }\\\",\\n  \\\"         }\\\",\\n  \\\"      }\\\",\\n  \\\"\\\",\\n  \\\"      template <class mint, internal::is_static_modint_t<mint> * = nullptr>\\\",\\n  \\\"      void butterfly_inv(std::vector<mint> &a) {\\\",\\n  \\\"         static constexpr int g = internal::primitive_root<mint::mod()>;\\\",\\n  \\\"         int n = int(a.size());\\\",\\n  \\\"         int h = internal::ceil_pow2(n);\\\",\\n  \\\"\\\",\\n  \\\"         static bool first = true;\\\",\\n  \\\"         static mint sum_ie[30]; // sum_ie[i] = es[0] * ... * es[i - 1] * ies[i]\\\",\\n  \\\"         if (first) {\\\",\\n  \\\"            first = false;\\\",\\n  \\\"            mint es[30], ies[30]; // es[i]^(2^(2+i)) == 1\\\",\\n  \\\"            int cnt2 = bsf(mint::mod() - 1);\\\",\\n  \\\"            mint e = mint(g).pow((mint::mod() - 1) >> cnt2), ie = e.inv();\\\",\\n  \\\"            for (int i = cnt2; i >= 2; i--) {\\\",\\n  \\\"               // e^(2^i) == 1\\\",\\n  \\\"               es[i - 2] = e;\\\",\\n  \\\"               ies[i - 2] = ie;\\\",\\n  \\\"               e *= e;\\\",\\n  \\\"               ie *= ie;\\\",\\n  \\\"            }\\\",\\n  \\\"            mint now = 1;\\\",\\n  \\\"            for (int i = 0; i <= cnt2 - 2; i++) {\\\",\\n  \\\"               sum_ie[i] = ies[i] * now;\\\",\\n  \\\"               now *= es[i];\\\",\\n  \\\"            }\\\",\\n  \\\"         }\\\",\\n  \\\"\\\",\\n  \\\"         for (int ph = h; ph >= 1; ph--) {\\\",\\n  \\\"            int w = 1 << (ph - 1), p = 1 << (h - ph);\\\",\\n  \\\"            mint inow = 1;\\\",\\n  \\\"            for (int s = 0; s < w; s++) {\\\",\\n  \\\"               int offset = s << (h - ph + 1);\\\",\\n  \\\"               for (int i = 0; i < p; i++) {\\\",\\n  \\\"                  auto l = a[i + offset];\\\",\\n  \\\"                  auto r = a[i + offset + p];\\\",\\n  \\\"                  a[i + offset] = l + r;\\\",\\n  \\\"                  a[i + offset + p] =\\\",\\n  \\\"                      (unsigned long long)(mint::mod() + l.val() - r.val()) *\\\",\\n  \\\"                      inow.val();\\\",\\n  \\\"               }\\\",\\n  \\\"               inow *= sum_ie[bsf(~(unsigned int)(s))];\\\",\\n  \\\"            }\\\",\\n  \\\"         }\\\",\\n  \\\"      }\\\",\\n  \\\"   } // namespace internal\\\",\\n  \\\"\\\",\\n  \\\"   template <class mint, internal::is_static_modint_t<mint> * = nullptr>\\\",\\n  \\\"   std::vector<mint> convolution(std::vector<mint> a, std::vector<mint> b)\\\",\\n  \\\"   {\\\",\\n  \\\"      int n = int(a.size()), m = int(b.size());\\\",\\n  \\\"      if (!n || !m)\\\",\\n  \\\"         return {};\\\",\\n  \\\"      if (std::min(n, m) <= 60) {\\\",\\n  \\\"         if (n < m) {\\\",\\n  \\\"            std::swap(n, m);\\\",\\n  \\\"            std::swap(a, b);\\\",\\n  \\\"         }\\\",\\n  \\\"         std::vector<mint> ans(n + m - 1);\\\",\\n  \\\"         for (int i = 0; i < n; i++) {\\\",\\n  \\\"            for (int j = 0; j < m; j++) {\\\",\\n  \\\"               ans[i + j] += a[i] * b[j];\\\",\\n  \\\"            }\\\",\\n  \\\"         }\\\",\\n  \\\"         return ans;\\\",\\n  \\\"      }\\\",\\n  \\\"      int z = 1 << internal::ceil_pow2(n + m - 1);\\\",\\n  \\\"      a.resize(z);\\\",\\n  \\\"      internal::butterfly(a);\\\",\\n  \\\"      b.resize(z);\\\",\\n  \\\"      internal::butterfly(b);\\\",\\n  \\\"      for (int i = 0; i < z; i++)\\\",\\n  \\\"         a[i] *= b[i];\\\",\\n  \\\"      internal::butterfly_inv(a);\\\",\\n  \\\"      a.resize(n + m - 1);\\\",\\n  \\\"      mint iz = mint(z).inv();\\\",\\n  \\\"      for (int i = 0; i < n + m - 1; i++)\\\",\\n  \\\"         a[i] *= iz;\\\",\\n  \\\"      return a;\\\",\\n  \\\"   }\\\",\\n  \\\"\\\",\\n  \\\"   template <unsigned int mod = 998244353,\\\",\\n  \\\"             class T,\\\",\\n  \\\"             std::enable_if_t<internal::is_integral<T>::value> * = nullptr>\\\",\\n  \\\"   std::vector<T> convolution(const std::vector<T> &a, const std::vector<T> &b) {\\\",\\n  \\\"      int n = int(a.size()), m = int(b.size());\\\",\\n  \\\"      if (!n || !m)\\\",\\n  \\\"         return {};\\\",\\n  \\\"      using mint = static_modint<mod>;\\\",\\n  \\\"      std::vector<mint> a2(n), b2(m);\\\",\\n  \\\"      for (int i = 0; i < n; i++)\\\",\\n  \\\"         a2[i] = mint(a[i]);\\\",\\n  \\\"      for (int i = 0; i < m; i++)\\\",\\n  \\\"         b2[i] = mint(b[i]);\\\",\\n  \\\"      auto c2 = convolution(move(a2), move(b2));\\\",\\n  \\\"      std::vector<T> c(n + m - 1);\\\",\\n  \\\"      for (int i = 0; i < n + m - 1; i++)\\\",\\n  \\\"         c[i] = c2[i].val();\\\",\\n  \\\"      return c;\\\",\\n  \\\"   }\\\",\\n  \\\"\\\",\\n  \\\"   std::vector<long long> convolution_ll(const std::vector<long long> &a,\\\",\\n  \\\"                                         const std::vector<long long> &b) {\\\",\\n  \\\"      int n = int(a.size()), m = int(b.size());\\\",\\n  \\\"      if (!n || !m)\\\",\\n  \\\"         return {};\\\",\\n  \\\"\\\",\\n  \\\"      static constexpr unsigned long long MOD1 = 754974721; // 2^24\\\",\\n  \\\"      static constexpr unsigned long long MOD2 = 167772161; // 2^25\\\",\\n  \\\"      static constexpr unsigned long long MOD3 = 469762049; // 2^26\\\",\\n  \\\"      static constexpr unsigned long long M2M3 = MOD2 * MOD3;\\\",\\n  \\\"      static constexpr unsigned long long M1M3 = MOD1 * MOD3;\\\",\\n  \\\"      static constexpr unsigned long long M1M2 = MOD1 * MOD2;\\\",\\n  \\\"      static constexpr unsigned long long M1M2M3 = MOD1 * MOD2 * MOD3;\\\",\\n  \\\"\\\",\\n  \\\"      static constexpr unsigned long long i1 =\\\",\\n  \\\"          internal::inv_gcd(MOD2 * MOD3, MOD1).second;\\\",\\n  \\\"      static constexpr unsigned long long i2 =\\\",\\n  \\\"          internal::inv_gcd(MOD1 * MOD3, MOD2).second;\\\",\\n  \\\"      static constexpr unsigned long long i3 =\\\",\\n  \\\"          internal::inv_gcd(MOD1 * MOD2, MOD3).second;\\\",\\n  \\\"\\\",\\n  \\\"      auto c1 = convolution<MOD1>(a, b);\\\",\\n  \\\"      auto c2 = convolution<MOD2>(a, b);\\\",\\n  \\\"      auto c3 = convolution<MOD3>(a, b);\\\",\\n  \\\"\\\",\\n  \\\"      std::vector<long long> c(n + m - 1);\\\",\\n  \\\"      for (int i = 0; i < n + m - 1; i++) {\\\",\\n  \\\"         unsigned long long x = 0;\\\",\\n  \\\"         x += (c1[i] * i1) % MOD1 * M2M3;\\\",\\n  \\\"         x += (c2[i] * i2) % MOD2 * M1M3;\\\",\\n  \\\"         x += (c3[i] * i3) % MOD3 * M1M2;\\\",\\n  \\\"         // B = 2^63, -B <= x, r(real value) < B\\\",\\n  \\\"         // (x, x - M, x - 2M, or x - 3M) = r (mod 2B)\\\",\\n  \\\"         // r = c1[i] (mod MOD1)\\\",\\n  \\\"         // focus on MOD1\\\",\\n  \\\"         // r = x, x - M', x - 2M', x - 3M' (M' = M % 2^64) (mod 2B)\\\",\\n  \\\"         // r = x,\\\",\\n  \\\"         //     x - M' + (0 or 2B),\\\",\\n  \\\"         //     x - 2M' + (0, 2B or 4B),\\\",\\n  \\\"         //     x - 3M' + (0, 2B, 4B or 6B) (without mod!)\\\",\\n  \\\"         // (r - x) = 0, (0)\\\",\\n  \\\"         //           - M' + (0 or 2B), (1)\\\",\\n  \\\"         //           -2M' + (0 or 2B or 4B), (2)\\\",\\n  \\\"         //           -3M' + (0 or 2B or 4B or 6B) (3) (mod MOD1)\\\",\\n  \\\"         // we checked that\\\",\\n  \\\"         //   ((1) mod MOD1) mod 5 = 2\\\",\\n  \\\"         //   ((2) mod MOD1) mod 5 = 3\\\",\\n  \\\"         //   ((3) mod MOD1) mod 5 = 4\\\",\\n  \\\"         long long diff =\\\",\\n  \\\"             c1[i] - internal::safe_mod((long long)(x), (long long)(MOD1));\\\",\\n  \\\"         if (diff < 0)\\\",\\n  \\\"            diff += MOD1;\\\",\\n  \\\"         static constexpr unsigned long long offset[5] = {\\\",\\n  \\\"             0, 0, M1M2M3, 2 * M1M2M3, 3 * M1M2M3};\\\",\\n  \\\"         x -= offset[diff % 5];\\\",\\n  \\\"         c[i] = x;\\\",\\n  \\\"      }\\\",\\n  \\\"      return c;\\\",\\n  \\\"   }\\\",\\n  \\\"\\\",\\n  \\\"   template <typename mint>\\\",\\n  \\\"   std::vector<mint> convolution_threemods(const std::vector<mint> &a,\\\",\\n  \\\"                                           const std::vector<mint> &b) {\\\",\\n  \\\"      int n = int(a.size()), m = int(b.size());\\\",\\n  \\\"      if (!n || !m)\\\",\\n  \\\"         return {};\\\",\\n  \\\"\\\",\\n  \\\"      static constexpr unsigned long long MOD1 = 754974721; // 2^24\\\",\\n  \\\"      static constexpr unsigned long long MOD2 = 167772161; // 2^25\\\",\\n  \\\"      static constexpr unsigned long long MOD3 = 469762049; // 2^26\\\",\\n  \\\"      __int128 M2M3 = __int128(MOD2) * MOD3;\\\",\\n  \\\"      __int128 M1M3 = __int128(MOD1) * MOD3;\\\",\\n  \\\"      __int128 M1M2 = __int128(MOD1) * MOD2;\\\",\\n  \\\"      __int128 M1M2M3 = __int128(MOD1) * MOD2 * MOD3;\\\",\\n  \\\"\\\",\\n  \\\"      static constexpr unsigned long long i1 =\\\",\\n  \\\"          internal::inv_gcd(MOD2 * MOD3, MOD1).second;\\\",\\n  \\\"      static constexpr unsigned long long i2 =\\\",\\n  \\\"          internal::inv_gcd(MOD1 * MOD3, MOD2).second;\\\",\\n  \\\"      static constexpr unsigned long long i3 =\\\",\\n  \\\"          internal::inv_gcd(MOD1 * MOD2, MOD3).second;\\\",\\n  \\\"\\\",\\n  \\\"      std::vector<long long> la(a.size());\\\",\\n  \\\"      std::vector<long long> lb(b.size());\\\",\\n  \\\"      for (int i = 0; i < a.size(); ++i)\\\",\\n  \\\"         la[i] = a[i].val();\\\",\\n  \\\"      for (int i = 0; i < b.size(); ++i)\\\",\\n  \\\"         lb[i] = b[i].val();\\\",\\n  \\\"      auto c1 = convolution<MOD1>(la, lb);\\\",\\n  \\\"      auto c2 = convolution<MOD2>(la, lb);\\\",\\n  \\\"      auto c3 = convolution<MOD3>(la, lb);\\\",\\n  \\\"\\\",\\n  \\\"      std::vector<mint> c(n + m - 1);\\\",\\n  \\\"      for (int i = 0; i < n + m - 1; i++) {\\\",\\n  \\\"         __int128 x = 0;\\\",\\n  \\\"         x += (c1[i] * i1) % MOD1 * M2M3;\\\",\\n  \\\"         x += (c2[i] * i2) % MOD2 * M1M3;\\\",\\n  \\\"         x += (c3[i] * i3) % MOD3 * M1M2;\\\",\\n  \\\"         while (x >= M1M2M3)\\\",\\n  \\\"            x -= M1M2M3;\\\",\\n  \\\"         x %= mint::mod();\\\",\\n  \\\"         c[i] = x;\\\",\\n  \\\"      }\\\",\\n  \\\"      return c;\\\",\\n  \\\"   }\\\",\\n  \\\"}\\\",\\n  \\\"#endif // ATCODER_CONVOLUTION_HPP\\\",\\n  \\\"\\\",\\n  \\\"#ifdef DEBUG\\\",\\n  \\\"#include \\\\\\\"debug.h\\\\\\\"\\\",\\n  \\\"#else\\\",\\n  \\\"#define debug(...) 42\\\",\\n  \\\"#endif\\\",\\n  \\\"\\\",\\n  \\\"#define pb   push_back\\\",\\n  \\\"#define mp   make_pair\\\",\\n  \\\"#define ss   second\\\",\\n  \\\"#define ff   first\\\",\\n  \\\"#define nl   '\\\\\\\\n'\\\",\\n  \\\"\\\",\\n  \\\"using namespace std;\\\",\\n  \\\"using ll = long long;\\\",\\n  \\\"using ull = unsigned long long;\\\",\\n  \\\"using uc = unsigned char;\\\",\\n  \\\"using ld = long double;\\\",\\n  \\\"using str = string;\\\",\\n  \\\"using mint = atcoder::modint1000000007;\\\",\\n  \\\"\\\",\\n  \\\"/* type format set to scanf\\\",\\n  \\\"\\\\tlong long int %lld\\\",\\n  \\\"\\\\tunsigned long long int %llu\\\",\\n  \\\"\\\\tchar & unsigned char %c\\\",\\n  \\\"\\\\tstring or read char[] %s\\\",\\n  \\\"\\\\tlong double %LF\\\",\\n  \\\"\\\\tdouble %lf\\\",\\n  \\\"\\\\tfloat %f\\\",\\n  \\\"\\\\tint %d\\\",\\n  \\\"\\\\tunsigned int %u\\\",\\n  \\\"*/\\\",\\n  \\\"\\\",\\n  \\\"// from https://codeforces.com/blog/entry/61306\\\",\\n  \\\"const int MOD = 1E9 + 7, SZ = 1E6; // or any prime\\\",\\n  \\\"\\\",\\n  \\\"ll qp(ll a, ll b) {\\\",\\n  \\\"   ll x = 1;\\\",\\n  \\\"   a %= MOD;\\\",\\n  \\\"   while (b) {\\\",\\n  \\\"      if (b & 1)\\\",\\n  \\\"         x = x * a % MOD;\\\",\\n  \\\"      a = a * a % MOD;\\\",\\n  \\\"      b >>= 1;\\\",\\n  \\\"   }\\\",\\n  \\\"   return x;\\\",\\n  \\\"}\\\",\\n  \\\"\\\",\\n  \\\"namespace linear_seq {\\\",\\n  \\\"   inline vector<int> BM(vector<int> x) {\\\",\\n  \\\"      // ls: (shortest) relation sequence (after filling zeroes) so far\\\",\\n  \\\"      // cur: current relation sequence\\\",\\n  \\\"      vector<int> ls, cur;\\\",\\n  \\\"      // lf: the position of ls (t')\\\",\\n  \\\"      // ld: delta of ls (v')\\\",\\n  \\\"      int lf, ld;\\\",\\n  \\\"      for (int i = 0; i < int(x.size()); ++i) {\\\",\\n  \\\"         ll t = 0;\\\",\\n  \\\"         // evaluate at position i\\\",\\n  \\\"         for (int j = 0; j < int(cur.size()); ++j)\\\",\\n  \\\"            t = (t + x[i - j - 1] * (ll)cur[j]) % MOD;\\\",\\n  \\\"         if ((t - x[i]) % MOD == 0)\\\",\\n  \\\"            continue; // good so far\\\",\\n  \\\"         // first non-zero position\\\",\\n  \\\"         if (!cur.size()) {\\\",\\n  \\\"            cur.resize(i + 1);\\\",\\n  \\\"            lf = i;\\\",\\n  \\\"            ld = (t - x[i]) % MOD;\\\",\\n  \\\"            continue;\\\",\\n  \\\"         }\\\",\\n  \\\"         // cur=cur-c/ld*(x[i]-t)\\\",\\n  \\\"         ll k = -(x[i] - t) * qp(ld, MOD - 2) % MOD /*1/ld*/;\\\",\\n  \\\"         vector<int> c(i - lf - 1); // add zeroes in front\\\",\\n  \\\"         c.push_back(k);\\\",\\n  \\\"         for (int j = 0; j < int(ls.size()); ++j)\\\",\\n  \\\"            c.push_back(-ls[j] * k % MOD);\\\",\\n  \\\"         if (c.size() < cur.size())\\\",\\n  \\\"            c.resize(cur.size());\\\",\\n  \\\"         for (int j = 0; j < int(cur.size()); ++j)\\\",\\n  \\\"            c[j] = (c[j] + cur[j]) % MOD;\\\",\\n  \\\"         // if cur is better than ls, change ls to cur\\\",\\n  \\\"         if (i - lf + (int)ls.size() >= (int)cur.size())\\\",\\n  \\\"            ls = cur, lf = i, ld = (t - x[i]) % MOD;\\\",\\n  \\\"         cur = c;\\\",\\n  \\\"      }\\\",\\n  \\\"      for (int i = 0; i < int(cur.size()); ++i)\\\",\\n  \\\"         cur[i] = (cur[i] % MOD + MOD) % MOD;\\\",\\n  \\\"      return cur;\\\",\\n  \\\"   }\\\",\\n  \\\"   int m; // length of recurrence\\\",\\n  \\\"   // a: first terms\\\",\\n  \\\"   // h: relation\\\",\\n  \\\"   ll a[SZ], h[SZ], t_[SZ], s[SZ], t[SZ];\\\",\\n  \\\"   // calculate p*q mod f\\\",\\n  \\\"   inline void mull(ll *p, ll *q) {\\\",\\n  \\\"      for (int i = 0; i < m + m; ++i)\\\",\\n  \\\"         t_[i] = 0;\\\",\\n  \\\"      for (int i = 0; i < m; ++i)\\\",\\n  \\\"         if (p[i])\\\",\\n  \\\"            for (int j = 0; j < m; ++j)\\\",\\n  \\\"               t_[i + j] = (t_[i + j] + p[i] * q[j]) % MOD;\\\",\\n  \\\"      for (int i = m + m - 1; i >= m; --i)\\\",\\n  \\\"         if (t_[i])\\\",\\n  \\\"            // miuns t_[i]x^{i-m}(x^m-\\\\\\\\sum_{j=0}^{m-1} x^{m-j-1}h_j)\\\",\\n  \\\"            for (int j = m - 1; ~j; --j)\\\",\\n  \\\"               t_[i - j - 1] = (t_[i - j - 1] + t_[i] * h[j]) % MOD;\\\",\\n  \\\"      for (int i = 0; i < m; ++i)\\\",\\n  \\\"         p[i] = t_[i];\\\",\\n  \\\"   }\\\",\\n  \\\"   inline ll calc(ll K) {\\\",\\n  \\\"      for (int i = m; ~i; --i)\\\",\\n  \\\"         s[i] = t[i] = 0;\\\",\\n  \\\"      // init\\\",\\n  \\\"      s[0] = 1;\\\",\\n  \\\"      if (m != 1)\\\",\\n  \\\"         t[1] = 1;\\\",\\n  \\\"      else\\\",\\n  \\\"         t[0] = h[0];\\\",\\n  \\\"      // binary-exponentiation\\\",\\n  \\\"      while (K) {\\\",\\n  \\\"         if (K & 1)\\\",\\n  \\\"            mull(s, t);\\\",\\n  \\\"         mull(t, t);\\\",\\n  \\\"         K >>= 1;\\\",\\n  \\\"      }\\\",\\n  \\\"      ll su = 0;\\\",\\n  \\\"      for (int i = 0; i < m; ++i)\\\",\\n  \\\"         su = (su + s[i] * a[i]) % MOD;\\\",\\n  \\\"      return (su % MOD + MOD) % MOD;\\\",\\n  \\\"   }\\\",\\n  \\\"   inline int work(vector<int> x, ll n) {\\\",\\n  \\\"      if (n < int(x.size()))\\\",\\n  \\\"         return x[n];\\\",\\n  \\\"      vector<int> v = BM(x);\\\",\\n  \\\"      m = v.size();\\\",\\n  \\\"      if (!m)\\\",\\n  \\\"         return 0;\\\",\\n  \\\"      cerr << \\\\\\\"m=\\\\\\\" << m << endl;\\\",\\n  \\\"      for (int i = 0; i < m; ++i)\\\",\\n  \\\"         h[i] = v[i], a[i] = x[i];\\\",\\n  \\\"      return calc(n);\\\",\\n  \\\"   }\\\",\\n  \\\"}\\\",\\n  \\\"\\\",\\n  \\\"/* Here begins what you want to see */\\\",\\n  \\\"class Solve${TM_FILENAME_BASE} {\\\",\\n  \\\"public:\\\",\\n  \\\"\\\\t$3\\\\n\\\",\\n  \\\"\\\\tvoid solution() {\\\",\\n  \\\"\\\\t}\\\",\\n  \\\"};\\\\n\\\",\\n  \\\"int main() {\\\",\\n  \\\"\\\\tios::sync_with_stdio(false);\\\",\\n  \\\"\\\\tcin.tie(0); cout.tie(0);\\\",\\n  \\\"\\\\tSolve${TM_FILENAME_BASE} in;\\\",\\n  \\\"\\\\tint T = 1;\\\",\\n  \\\"\\\\tcin >> T;$2\\\",\\n  \\\"#ifdef LOCAL\\\",\\n  \\\"\\\\tfor (int i = 1; i <= T; i++) {\\\",\\n  \\\"\\\\t\\\\tcout << \\\\\\\"Case #\\\\\\\" << i << \\\\\\\":\\\\\\\\n\\\\\\\";\\\",\\n  \\\"\\\\t\\\\tin.solution();\\\",\\n  \\\"\\\\t}\\\",\\n  \\\"#else\\\",\\n  \\\"\\\\twhile (T--) in.solution();\\\",\\n  \\\"#endif\\\",\\n  \\\"}\\\"\\n  ],\\n  \\\"description\\\": \\\"Plantilla del competidor avanzado Petr\\\"\\n  }\\n}\",\"java.json\":\"{ // @author josuerom\\n  \\\"System.out.print()\\\": {\\n  \\\"prefix\\\": \\\"s\\\",\\n  \\\"body\\\": [\\n  \\\"System.out.print($1);\\\"\\n  ]\\n  },\\n  \\\"System.out.println()\\\": {\\n  \\\"prefix\\\": \\\"ss\\\",\\n  \\\"body\\\": [\\n  \\\"System.out.println($1);\\\"\\n  ]\\n  },\\n  \\\"System.out.prinf()\\\": {\\n  \\\"prefix\\\": \\\"sf\\\",\\n  \\\"body\\\": [\\n  \\\"System.out.printf(\\\\\\\"%$1\\\\\\\", $2);\\\"\\n  ]\\n  },\\n  \\\"System ternary operator\\\": {\\n  \\\"prefix\\\": \\\"sot\\\",\\n  \\\"body\\\": [\\n  \\\"System.out.println($1 ? $2 : $3);\\\"\\n  ]\\n  },\\n  \\\"System veredict Y/N\\\": {\\n  \\\"prefix\\\": \\\"soutv1\\\",\\n  \\\"body\\\": [\\n  \\\"System.out.println($1 ? \\\\\\\"YES\\\\\\\" : \\\\\\\"NO\\\\\\\");\\\"\\n  ]\\n  },\\n  \\\"System veredict y/n\\\": {\\n  \\\"prefix\\\": \\\"soutv2\\\",\\n  \\\"body\\\": [\\n  \\\"System.out.println($1 ? \\\\\\\"yes\\\\\\\" : \\\\\\\"no\\\\\\\");\\\"\\n  ]\\n  },\\n  \\\"pw.print()\\\": {\\n  \\\"prefix\\\": \\\"p\\\",\\n  \\\"body\\\": [\\n  \\\"io.print($1);\\\"\\n  ]\\n  },\\n  \\\"pw.println()\\\": {\\n  \\\"prefix\\\": \\\"pp\\\",\\n  \\\"body\\\": [\\n  \\\"io.println($1);\\\"\\n  ]\\n  },\\n  \\\"print ternary operator\\\": {\\n  \\\"prefix\\\": \\\"ppt\\\",\\n  \\\"body\\\": [\\n  \\\"io.println($1 ? $2 : $3);\\\"\\n  ]\\n  },\\n  \\\"print veredict Y/N\\\": {\\n  \\\"prefix\\\": \\\"ppv1\\\",\\n  \\\"body\\\": [\\n  \\\"io.println($1 ? \\\\\\\"YES\\\\\\\" : \\\\\\\"NO\\\\\\\");\\\"\\n  ]\\n  },\\n  \\\"print veredict y/n\\\": {\\n  \\\"prefix\\\": \\\"ppv2\\\",\\n  \\\"body\\\": [\\n  \\\"io.println($1 ? \\\\\\\"yes\\\\\\\" : \\\\\\\"no\\\\\\\");\\\"\\n  ]\\n  },\\n  \\\"pw.printf()\\\": {\\n  \\\"prefix\\\": \\\"pf\\\",\\n  \\\"body\\\": [\\n  \\\"io.printf(\\\\\\\"%d$1\\\\\\\\n\\\\\\\", $2);\\\"\\n  ]\\n  },\\n  \\\"assing ternary operator\\\": {\\n  \\\"prefix\\\": \\\"ato\\\",\\n  \\\"body\\\": [\\n  \\\"${1:int} $2 = ($3) ? $4 : $5;\\\"\\n  ]\\n  },\\n  \\\"Scanner sc = new Scanner(System.in)\\\": {\\n  \\\"prefix\\\": \\\"sc\\\",\\n  \\\"body\\\": [\\n  \\\"Scanner sc = new Scanner(System.in);$1\\\"\\n  ]\\n  },\\n  \\\"main() method\\\": {\\n  \\\"prefix\\\": \\\"main\\\",\\n  \\\"body\\\": [\\n  \\\"public static void main(String[] args) {\\\",\\n  \\\"\\\\t$1\\\",\\n  \\\"}\\\"\\n  ]\\n  },\\n  \\\"public static void nameMethod\\\": {\\n    \\\"prefix\\\": \\\"psv\\\",\\n    \\\"body\\\": [\\n      \\\"public static void ${1:nameMethod}($2) {\\\",\\n      \\\"}\\\"\\n    ]\\n  },\\n  \\\"solve() method\\\": {\\n  \\\"prefix\\\": \\\"fsol\\\",\\n  \\\"body\\\": [\\n  \\\"public static ${1:void} solve($2) {\\\",\\n  \\\"}\\\"\\n  ]\\n  },\\n  \\\"funtion precalculate\\\": {\\n  \\\"prefix\\\": \\\"fpre\\\",\\n  \\\"body\\\": [\\n  \\\"public static ${1:void} preCalculate($2) {\\\",\\n  \\\"}\\\"\\n  ]\\n  },\\n  \\\"try catch\\\": {\\n  \\\"prefix\\\": \\\"try\\\",\\n  \\\"body\\\": [\\n  \\\"try {\\\",\\n  \\\"\\\\t$1\\\",\\n  \\\"} catch (Exception$2 e) {\\\",\\n  \\\"\\\\te.printStackTrace();\\\",\\n  \\\"}\\\"\\n  ]\\n  },\\n  \\\"if\\\": {\\n  \\\"prefix\\\": \\\"if\\\",\\n  \\\"body\\\": [\\n  \\\"if (${1:condition}) $2\\\"\\n  ]\\n  },\\n  \\\"else\\\": {\\n  \\\"prefix\\\": \\\"el\\\",\\n  \\\"body\\\": [\\n  \\\"else $2\\\"\\n  ]\\n  },\\n  \\\"else if ()\\\": {\\n  \\\"prefix\\\": \\\"eli\\\",\\n  \\\"body\\\": [\\n  \\\"else if ($1) $2\\\"\\n  ]\\n  },\\n  \\\"do while\\\": {\\n  \\\"prefix\\\": \\\"do\\\",\\n  \\\"body\\\": [\\n  \\\"do {\\\\n\\\\t$1\\\",\\n  \\\"} while ($2);\\\"\\n  ]\\n  },\\n  \\\"while\\\": {\\n  \\\"prefix\\\": \\\"wh\\\",\\n  \\\"body\\\": [\\n  \\\"while ($1) {\\\",\\n  \\\"}\\\"\\n  ]\\n  },\\n  \\\"for iterator\\\": {\\n  \\\"prefix\\\": \\\"fori\\\",\\n  \\\"body\\\": [\\n  \\\"for (int ${1:i} = 0; ${1:i} < $2; ${1:i}++) {\\\\n$3\\\\n}\\\"\\n  ]\\n  },\\n  \\\"for reverse iterator\\\": {\\n  \\\"prefix\\\": \\\"forr\\\",\\n  \\\"body\\\": [\\n  \\\"for (int ${1:i} = $2 - 1; ${1:i} >= 0; ${1:i}--) {$3}\\\"\\n  ]\\n  },\\n  \\\"for each\\\": {\\n  \\\"prefix\\\": \\\"fore\\\",\\n  \\\"body\\\": [\\n  \\\"for (${1:int} e : $2) ${3:System.out}.print(e + \\\\\\\" \\\\\\\");\\\",\\n  \\\"${3:System.out}.println();\\\"\\n  ]\\n  },\\n  \\\"object creation\\\": {\\n  \\\"prefix\\\": \\\"obj\\\",\\n  \\\"body\\\": [\\n  \\\"${1:nameClass} ${2:name} = new ${1:nameConstructor}();\\\"\\n  ]\\n  },\\n  \\\"constructor\\\": {\\n  \\\"prefix\\\": \\\"construct\\\",\\n  \\\"body\\\": [\\n  \\\"public ${TM_FILENAME_BASE}($1) {\\\",\\n  \\\"\\\\tthis.$2 = $2;\\\",\\n  \\\"}\\\"\\n  ]\\n  },\\n  \\\"import\\\": {\\n  \\\"prefix\\\": \\\"in\\\",\\n  \\\"body\\\": [\\n  \\\"import java.$1;\\\"\\n  ]\\n  },\\n  \\\"JavaClass template\\\": {\\n  \\\"prefix\\\": \\\"class\\\",\\n  \\\"body\\\": [\\n  \\\"public class ${TM_FILENAME_BASE} {\\\",\\n  \\\"\\\\t$1\\\\n\\\",\\n  \\\"\\\\tpublic ${TM_FILENAME_BASE}($1) {\\\",\\n  \\\"\\\\t\\\\tthis.$2 = $2;\\\",\\n  \\\"\\\\t}\\\",\\n  \\\"}\\\"\\n  ]\\n  },\\n  \\\"JavaMainClass template\\\": {\\n  \\\"prefix\\\": \\\"mainclass\\\",\\n  \\\"body\\\": [\\n  \\\"public class ${TM_FILENAME_BASE} {\\\",\\n  \\\"\\\\tpublic static void main(String[] args) {\\\",\\n  \\\"\\\\t\\\\t$1\\\",\\n  \\\"\\\\t}\\\",\\n  \\\"}\\\"\\n  ]\\n  },\\n  \\\"header for file\\\": {\\n  \\\"prefix\\\": \\\"author\\\",\\n  \\\"body\\\": [\\n  \\\"/**\\\",\\n  \\\" *   author:  $1\\\",\\n  \\\" *   created: ${CURRENT_DATE}/${CURRENT_MONTH}/${CURRENT_YEAR_SHORT} ${CURRENT_HOUR}:${CURRENT_MINUTE}:${CURRENT_SECOND}\\\",\\n  \\\"**/\\\"\\n  ]\\n  },\\n  \\\"date for file\\\": {\\n  \\\"prefix\\\": \\\"date\\\",\\n  \\\"body\\\": [\\n  \\\" *   created: ${CURRENT_DATE}/${CURRENT_MONTH}/${CURRENT_YEAR_SHORT} ${CURRENT_HOUR}:${CURRENT_MINUTE}:${CURRENT_SECOND}\\\"\\n  ]\\n  },\\n  \\\"Arrays.toString()\\\": {\\n  \\\"prefix\\\": \\\"tostr\\\",\\n  \\\"body\\\": [\\n  \\\"Arrays.toString($1)\\\"\\n  ]\\n  },\\n  \\\"Arrays.sort()\\\": {\\n  \\\"prefix\\\": \\\"sort\\\",\\n  \\\"body\\\": [\\n  \\\"Arrays.sort($1);\\\"\\n  ]\\n  },\\n  \\\"set static array\\\": {\\n  \\\"prefix\\\": \\\"arr\\\",\\n  \\\"body\\\": [\\n  \\\"${1:int}[] a$2 = new ${1:int}[MAX$3];\\\"\\n  ]\\n  },\\n  \\\"read int\\\": {\\n  \\\"prefix\\\": \\\"ri\\\",\\n  \\\"body\\\": [\\n  \\\"int $1 = io.nextInt();\\\"\\n  ]\\n  },\\n  \\\"read line\\\": {\\n  \\\"prefix\\\": \\\"rln\\\",\\n  \\\"body\\\": [\\n  \\\"String line = io.nextLine();\\\"\\n  ]\\n  },\\n  \\\"read long\\\": {\\n  \\\"prefix\\\": \\\"rl\\\",\\n  \\\"body\\\": [\\n  \\\"long $1 = io.nextLong();\\\"\\n  ]\\n  },\\n  \\\"read double\\\": {\\n  \\\"prefix\\\": \\\"rd\\\",\\n  \\\"body\\\": [\\n  \\\"double $1 = io.nextDouble();\\\"\\n  ]\\n  },\\n  \\\"read int[] array\\\": {\\n  \\\"prefix\\\": \\\"rai\\\",\\n  \\\"body\\\": [\\n  \\\"int[] $1 = io.readArray($2);\\\"\\n  ]\\n  },\\n  \\\"read char[] array\\\": {\\n  \\\"prefix\\\": \\\"rac\\\",\\n  \\\"body\\\": [\\n  \\\"char[] $2 = io.next().toCharArray();\\\"\\n  ]\\n  },\\n  \\\"read long[] array\\\": {\\n  \\\"prefix\\\": \\\"ral\\\",\\n  \\\"body\\\": [\\n  \\\"long[] $2 = io.next().readArray();\\\"\\n  ]\\n  },\\n  \\\"read double[] array\\\": {\\n  \\\"prefix\\\": \\\"rad\\\",\\n  \\\"body\\\": [\\n  \\\"double[] $2 = io.next().readArray();\\\"\\n  ]\\n  },\\n  \\\"set const int\\\": {\\n  \\\"prefix\\\": \\\"setn\\\",\\n  \\\"body\\\": [\\n  \\\"static final int N = 1$1_000_000;\\\"\\n  ]\\n  },\\n  \\\"read test cases\\\": {\\n  \\\"prefix\\\": \\\"tt\\\",\\n  \\\"body\\\": [\\n  \\\"int tt = sc.nextInt();\\\",\\n  \\\"while (tt--) {\\\\n$1\\\\n}\\\"\\n  ]\\n  },\\n  \\\"read tc for solve()\\\": {\\n  \\\"prefix\\\": \\\"tc\\\",\\n  \\\"body\\\": [\\n  \\\"int tc = io.nextInt();\\\",\\n  \\\"while (tc--) solve(io);\\\"\\n  ]\\n  },\\n  \\\"Codeforces template\\\": {\\n  \\\"prefix\\\": \\\"tem1\\\",\\n  \\\"body\\\": [\\n  \\\"/**\\\",\\n  \\\" *   author:  $2\\\",\\n  \\\" *   created: ${CURRENT_DATE}/${CURRENT_MONTH}/${CURRENT_YEAR_SHORT} ${CURRENT_HOUR}:${CURRENT_MINUTE}:${CURRENT_SECOND}\\\",\\n  \\\"**/\\\",\\n  \\\"import java.io.*;\\\",\\n  \\\"import java.util.*;\\\",\\n  \\\"import static java.lang.Math.*;\\\\n\\\",\\n  \\\"public class ${TM_FILENAME_BASE} {\\\",\\n  \\\"\\\\tpublic static void main(String[] args) {\\\",\\n  \\\"\\\\t\\\\ttry (FastReader io = new FastReader()) {\\\",\\n  \\\"\\\\t\\\\t\\\\t${2:solve(io);}\\\",\\n  \\\"\\\\t\\\\t}\\\",\\n  \\\"\\\\t\\\\tSystem.exit(0);\\\",\\n  \\\"\\\\t}\\\\n\\\",\\n  \\\"\\\\tpublic static void solve(FastReader io) {\\\\n$2\\\\n}\\\\n\\\",\\n  \\\"\\\\tstatic class FastReader extends PrintWriter {\\\",\\n  \\\"\\\\t\\\\tprivate BufferedReader br;\\\",\\n  \\\"\\\\t\\\\tprivate StringTokenizer st;\\\\n\\\",\\n  \\\"\\\\t\\\\tpublic FastReader() {\\\",\\n  \\\"\\\\t\\\\t\\\\tthis(System.in, System.out);\\\",\\n  \\\"\\\\t\\\\t}\\\\n\\\",\\n  \\\"\\\\t\\\\tpublic FastReader(InputStream i, OutputStream o) {\\\",\\n  \\\"\\\\t\\\\t\\\\tsuper(o);\\\",\\n  \\\"\\\\t\\\\t\\\\tbr = new BufferedReader(new InputStreamReader(i));\\\",\\n  \\\"\\\\t\\\\t}\\\",\\n  \\\"\\\",\\n  \\\"\\\\t\\\\tpublic FastReader(String idFile) throws IOException {\\\",\\n  \\\"\\\\t\\\\t\\\\tsuper(\\\\\\\"samples/output.out\\\\\\\");\\\",\\n  \\\"\\\\t\\\\t\\\\tbr = new BufferedReader(new FileReader(\\\\\\\"samples/\\\\\\\" + idFile));\\\",\\n  \\\"\\\\t\\\\t}\\\",\\n  \\\"\\\",\\n  \\\"\\\\t\\\\tpublic String next() {\\\",\\n  \\\"\\\\t\\\\t\\\\ttry {\\\",\\n  \\\"\\\\t\\\\t\\\\t\\\\twhile (st == null || !st.hasMoreTokens())\\\",\\n  \\\"\\\\t\\\\t\\\\t\\\\t\\\\tst = new StringTokenizer(br.readLine());\\\",\\n  \\\"\\\\t\\\\t\\\\t\\\\treturn st.nextToken();\\\",\\n  \\\"\\\\t\\\\t\\\\t} catch (Exception e) {\\\",\\n  \\\"\\\\t\\\\t\\\\t\\\\te.printStackTrace();\\\",\\n  \\\"\\\\t\\\\t\\\\t}\\\",\\n  \\\"\\\\t\\\\t\\\\treturn null;\\\",\\n  \\\"\\\\t\\\\t}\\\",\\n  \\\"\\\",\\n  \\\"\\\\t\\\\tpublic String nextLine() {\\\",\\n  \\\"\\\\t\\\\t\\\\tString line = null;\\\",\\n  \\\"\\\\t\\\\t\\\\ttry {\\\",\\n  \\\"\\\\t\\\\t\\\\t\\\\tline = br.readLine();\\\",\\n  \\\"\\\\t\\\\t\\\\t} catch (IOException e) {\\\",\\n  \\\"\\\\t\\\\t\\\\t\\\\te.printStackTrace();\\\",\\n  \\\"\\\\t\\\\t\\\\t}\\\",\\n  \\\"\\\\t\\\\t\\\\treturn line;\\\",\\n  \\\"\\\\t\\\\t}\\\",\\n  \\\"\\\",\\n  \\\"\\\\t\\\\tpublic int nextInt() {\\\",\\n  \\\"\\\\t\\\\t\\\\treturn Integer.parseInt(next());\\\",\\n  \\\"\\\\t\\\\t}\\\",\\n  \\\"\\\",\\n  \\\"\\\\t\\\\tpublic long nextLong() {\\\",\\n  \\\"\\\\t\\\\t\\\\treturn Long.parseLong(next());\\\",\\n  \\\"\\\\t\\\\t}\\\",\\n  \\\"\\\",\\n  \\\"\\\\t\\\\tpublic double nextDouble() {\\\",\\n  \\\"\\\\t\\\\t\\\\treturn Double.parseDouble(next());\\\",\\n  \\\"\\\\t\\\\t}\\\",\\n  \\\"\\\",\\n  \\\"\\\\t\\\\tpublic int[] readArray(int n) {\\\",\\n  \\\"\\\\t\\\\t\\\\tint[] a = new int[n];\\\",\\n  \\\"\\\\t\\\\t\\\\tfor (int i = 0; i < n; i++) {\\\",\\n  \\\"\\\\t\\\\t\\\\t\\\\ta[i] = nextInt();\\\",\\n  \\\"\\\\t\\\\t\\\\t}\\\",\\n  \\\"\\\\t\\\\t\\\\treturn a;\\\",\\n  \\\"\\\\t\\\\t}\\\",\\n  \\\"\\\\t}\\\",\\n  \\\"}\\\"\\n  ],\\n  \\\"description\\\": \\\"Plantilla para entrenar en codeforces\\\"\\n  },\\n  \\\"Ligth template\\\": {\\n  \\\"prefix\\\": \\\"tem2\\\",\\n  \\\"body\\\": [\\n  \\\"/**\\\",\\n  \\\" *   author:  $1\\\",\\n  \\\" *   created: ${CURRENT_DATE}/${CURRENT_MONTH}/${CURRENT_YEAR_SHORT} ${CURRENT_HOUR}:${CURRENT_MINUTE}:${CURRENT_SECOND}\\\",\\n  \\\"**/\\\",\\n  \\\"import java.util.*;\\\\n\\\",\\n  \\\"public class ${TM_FILENAME_BASE} {\\\",\\n  \\\"\\\\tpublic static void main(String[] args) {\\\",\\n  \\\"\\\\t\\\\tScanner sc = new Scanner(System.in);\\\",\\n  \\\"\\\\t\\\\t$2\\\",\\n  \\\"\\\\t\\\\tSystem.exit(0);\\\",\\n  \\\"\\\\t}\\\",\\n  \\\"}\\\"\\n  ],\\n  \\\"description\\\": \\\"Plantilla estándar simple sin atajos\\\"\\n  },\\n  \\\"2 Bits template\\\": {\\n  \\\"prefix\\\": \\\"tem3\\\",\\n  \\\"body\\\": [\\n  \\\"/**\\\",\\n  \\\" *   author:  ${1:UnPasito_TunTun}\\\",\\n  \\\" *   created: ${CURRENT_DATE}/${CURRENT_MONTH}/${CURRENT_YEAR_SHORT} ${CURRENT_HOUR}:${CURRENT_MINUTE}:${CURRENT_SECOND}\\\",\\n  \\\"**/\\\",\\n  \\\"import java.io.*;\\\",\\n  \\\"import java.util.*;\\\",\\n  \\\"import static java.lang.Math.*;\\\\n\\\",\\n  \\\"public class ${TM_FILENAME_BASE} {\\\",\\n  \\\"\\\\tpublic static void main(String[] args) {\\\",\\n  \\\"\\\\t\\\\ttry (FastReader io = new FastReader()) {\\\",\\n  \\\"\\\\t\\\\t\\\\t${2:solve(io);}\\\",\\n  \\\"\\\\t\\\\t}\\\",\\n  \\\"\\\\t\\\\tSystem.exit(0);\\\",\\n  \\\"\\\\t}\\\",\\n  \\\"\\\",\\n  \\\"\\\\tpublic static void solve(FastReader io) {\\\\n$2\\\\n}\\\",\\n  \\\"\\\",\\n  \\\"\\\\tstatic class FastReader extends PrintWriter {\\\",\\n  \\\"\\\\t\\\\tprivate BufferedReader br;\\\",\\n  \\\"\\\\t\\\\tprivate StringTokenizer st;\\\",\\n  \\\"\\\",\\n  \\\"\\\\t\\\\tpublic FastReader() {\\\",\\n  \\\"\\\\t\\\\t\\\\tthis(System.in, System.out);\\\",\\n  \\\"\\\\t\\\\t}\\\",\\n  \\\"\\\",\\n  \\\"\\\\t\\\\tpublic FastReader(InputStream i, OutputStream o) {\\\",\\n  \\\"\\\\t\\\\t\\\\tsuper(o);\\\",\\n  \\\"\\\\t\\\\t\\\\tbr = new BufferedReader(new InputStreamReader(i));\\\",\\n  \\\"\\\\t\\\\t}\\\",\\n  \\\"\\\",\\n  \\\"\\\\t\\\\tpublic FastReader(String idFile) throws IOException {\\\",\\n  \\\"\\\\t\\\\t\\\\tsuper(\\\\\\\"samples/output.out\\\\\\\");\\\",\\n  \\\"\\\\t\\\\t\\\\tbr = new BufferedReader(new FileReader(\\\\\\\"samples/\\\\\\\" + idFile));\\\",\\n  \\\"\\\\t\\\\t}\\\",\\n  \\\"\\\",\\n  \\\"\\\\t\\\\tpublic String next() {\\\",\\n  \\\"\\\\t\\\\t\\\\ttry {\\\",\\n  \\\"\\\\t\\\\t\\\\t\\\\twhile (st == null || !st.hasMoreTokens())\\\",\\n  \\\"\\\\t\\\\t\\\\t\\\\t\\\\tst = new StringTokenizer(br.readLine());\\\",\\n  \\\"\\\\t\\\\t\\\\t\\\\treturn st.nextToken();\\\",\\n  \\\"\\\\t\\\\t\\\\t} catch (Exception e) {\\\",\\n  \\\"\\\\t\\\\t\\\\t\\\\te.printStackTrace();\\\",\\n  \\\"\\\\t\\\\t\\\\t}\\\",\\n  \\\"\\\\t\\\\t\\\\treturn null;\\\",\\n  \\\"\\\\t\\\\t}\\\",\\n  \\\"\\\",\\n  \\\"\\\\t\\\\tpublic String nextLine() {\\\",\\n  \\\"\\\\t\\\\t\\\\tString line = null;\\\",\\n  \\\"\\\\t\\\\t\\\\ttry {\\\",\\n  \\\"\\\\t\\\\t\\\\t\\\\tline = br.readLine();\\\",\\n  \\\"\\\\t\\\\t\\\\t} catch (IOException e) {\\\",\\n  \\\"\\\\t\\\\t\\\\t\\\\te.printStackTrace();\\\",\\n  \\\"\\\\t\\\\t\\\\t}\\\",\\n  \\\"\\\\t\\\\t\\\\treturn line;\\\",\\n  \\\"\\\\t\\\\t}\\\",\\n  \\\"\\\",\\n  \\\"\\\\t\\\\tpublic int nextInt() {\\\",\\n  \\\"\\\\t\\\\t\\\\treturn Integer.parseInt(next());\\\",\\n  \\\"\\\\t\\\\t}\\\",\\n  \\\"\\\",\\n  \\\"\\\\t\\\\tpublic long nextLong() {\\\",\\n  \\\"\\\\t\\\\t\\\\treturn Long.parseLong(next());\\\",\\n  \\\"\\\\t\\\\t}\\\",\\n  \\\"\\\",\\n  \\\"\\\\t\\\\tpublic double nextDouble() {\\\",\\n  \\\"\\\\t\\\\t\\\\treturn Double.parseDouble(next());\\\",\\n  \\\"\\\\t\\\\t}\\\",\\n  \\\"\\\",\\n  \\\"\\\\t\\\\tpublic int[] readArray(int n) {\\\",\\n  \\\"\\\\t\\\\t\\\\tint[] a = new int[n];\\\",\\n  \\\"\\\\t\\\\t\\\\tfor (int i = 0; i < n; i++) {\\\",\\n  \\\"\\\\t\\\\t\\\\t\\\\ta[i] = nextInt();\\\",\\n  \\\"\\\\t\\\\t\\\\t}\\\",\\n  \\\"\\\\t\\\\t\\\\treturn a;\\\",\\n  \\\"\\\\t\\\\t}\\\",\\n  \\\"\\\\t}\\\",\\n  \\\"}\\\"\\n  ],\\n  \\\"description\\\": \\\"Plantilla para equipo de programación\\\"\\n  }\\n}\",\"python.json\":\"{ // @author josuerom\\n  \\\"read int\\\": {\\n  \\\"prefix\\\": \\\"rint\\\",\\n  \\\"body\\\": [\\n  \\\"${1:n} = int(input())\\\"\\n  ]\\n  },\\n  \\\"read str\\\": {\\n  \\\"prefix\\\": \\\"rstr\\\",\\n  \\\"body\\\": [\\n  \\\"${1:s} = input()\\\"\\n  ]\\n  },\\n  \\\"read decimal\\\": {\\n  \\\"prefix\\\": \\\"rfloat\\\",\\n  \\\"body\\\": [\\n  \\\"${1:d} = float(input())\\\"\\n  ]\\n  },\\n  \\\"read list of str\\\": {\\n  \\\"prefix\\\": \\\"rls\\\",\\n  \\\"body\\\": [\\n  \\\"ls = input().split(\\\\\\\" \\\\\\\")\\\"\\n  ]\\n  },\\n  \\\"read list of char\\\": {\\n  \\\"prefix\\\": \\\"rlc\\\",\\n  \\\"body\\\": [\\n  \\\"lc = list(input())\\\"\\n  ]\\n  },\\n  \\\"read list of int\\\": {\\n  \\\"prefix\\\": \\\"rli\\\",\\n  \\\"body\\\": [\\n  \\\"li$1 = map(int, input().split())\\\"\\n  ]\\n  },\\n  \\\"read list of float\\\": {\\n  \\\"prefix\\\": \\\"rlf\\\",\\n  \\\"body\\\": [\\n  \\\"lf$1 = map(float, input().split())\\\"\\n  ]\\n  },\\n  \\\"return False\\\": {\\n  \\\"prefix\\\": \\\"rtf\\\",\\n  \\\"body\\\": [\\n  \\\"return False\\\"\\n  ]\\n  },\\n  \\\"return True\\\": {\\n  \\\"prefix\\\": \\\"rtt\\\",\\n  \\\"body\\\": [\\n  \\\"return True\\\"\\n  ]\\n  },\\n  \\\"comment block\\\": {\\n  \\\"prefix\\\": \\\"cb\\\",\\n  \\\"body\\\": [\\n  \\\"\\\\\\\"\\\\\\\"\\\\\\\"\\\",\\n  \\\"$1\\\",\\n  \\\"\\\\\\\"\\\\\\\"\\\\\\\"\\\"\\n  ]\\n  },\\n  \\\"print(normal)\\\": {\\n  \\\"prefix\\\": \\\"p\\\",\\n  \\\"body\\\": [\\n  \\\"print($1)\\\"\\n  ]\\n  },\\n  \\\"print(f-string)\\\": {\\n  \\\"prefix\\\": \\\"pf\\\",\\n  \\\"body\\\": [\\n  \\\"print(f\\\\\\\"$1{}\\\\\\\")\\\"\\n  ]\\n  },\\n  \\\"print(ternary operator)\\\": {\\n  \\\"prefix\\\": \\\"po\\\",\\n  \\\"body\\\": [\\n  \\\"print($2 if $1 else $3)\\\"\\n  ]\\n  },\\n  \\\"print(veredict YES or NO)\\\": {\\n  \\\"prefix\\\": \\\"pv1\\\",\\n  \\\"body\\\": [\\n  \\\"print(\\\\\\\"YES\\\\\\\" if $1 else \\\\\\\"NO\\\\\\\")\\\"\\n  ]\\n  },\\n  \\\"print(veredict yes or no)\\\": {\\n  \\\"prefix\\\": \\\"pv2\\\",\\n  \\\"body\\\": [\\n  \\\"print(\\\\\\\"yes\\\\\\\" if $1 else \\\\\\\"no\\\\\\\")\\\"\\n  ]\\n  },\\n  \\\"ifel\\\": {\\n  \\\"prefix\\\": \\\"ifel\\\",\\n  \\\"body\\\": [\\n  \\\"if $1:\\\",\\n  \\\"\\\\t\\\",\\n  \\\"else:\\\",\\n  \\\"\\\\t\\\"\\n  ]\\n  },\\n  \\\"fori\\\": {\\n  \\\"prefix\\\": \\\"fori\\\",\\n  \\\"body\\\": [\\n  \\\"for ${1:i} in range(0, $2):\\\",\\n  \\\"\\\\t$3\\\"\\n  ]\\n  },\\n  \\\"fore\\\": {\\n  \\\"prefix\\\": \\\"fore\\\",\\n  \\\"body\\\": [\\n  \\\"for e in enumerate(${1:list}):\\\",\\n  \\\"\\\\t$2\\\"\\n  ]\\n  },\\n  \\\"while\\\": {\\n  \\\"prefix\\\": \\\"wh\\\",\\n  \\\"body\\\": [\\n  \\\"while $1:\\\",\\n  \\\"\\\\t$2\\\"\\n  ]\\n  },\\n  \\\"read test case\\\": {\\n  \\\"prefix\\\": \\\"tc\\\",\\n  \\\"body\\\": [\\n  \\\"tc = int(input())\\\",\\n  \\\"while tc:\\\",\\n  \\\"\\\\t$1\\\",\\n  \\\"\\\\ttc -= 1\\\"\\n  ]\\n  },\\n  \\\"read tc for solve()\\\": {\\n  \\\"prefix\\\": \\\"tt\\\",\\n  \\\"body\\\": [\\n  \\\"tt = int(input())\\\",\\n  \\\"while tt:\\\",\\n  \\\"\\\\tsolve()\\\",\\n  \\\"\\\\ttt -= 1\\\"\\n  ]\\n  },\\n  \\\"header for file\\\": {\\n  \\\"prefix\\\": \\\"header\\\",\\n  \\\"body\\\": [\\n  \\\" *    author: $1\\\"\\n  ]\\n  },\\n  \\\"date for file\\\": {\\n  \\\"prefix\\\": \\\"date\\\",\\n  \\\"body\\\": [\\n  \\\" *   created: ${CURRENT_DATE}/${CURRENT_MONTH}/${CURRENT_YEAR_SHORT} ${CURRENT_HOUR}:${CURRENT_MINUTE}:${CURRENT_SECOND}\\\"\\n  ]\\n  },\\n  \\\"def precalculate()\\\": {\\n  \\\"prefix\\\": \\\"fpre\\\",\\n  \\\"body\\\": [\\n  \\\"def pre_calculate($1):\\\",\\n  \\\"\\\\t\\\"\\n  ]\\n  },\\n  \\\"def solve()\\\": {\\n  \\\"prefix\\\": \\\"fsol\\\",\\n  \\\"body\\\": [\\n  \\\"def solve():\\\",\\n  \\\"\\\\t$1\\\"\\n  ]\\n  },\\n  \\\"main\\\": {\\n  \\\"prefix\\\": \\\"main\\\",\\n  \\\"body\\\": [\\n  \\\"if __name__ == '__main__':\\\",\\n  \\\"\\\\t$1\\\"\\n  ]\\n  },\\n  \\\"template 1\\\": {\\n  \\\"prefix\\\": \\\"tem1\\\",\\n  \\\"body\\\": [\\n  \\\"\\\\\\\"\\\\\\\"\\\\\\\"\\\",\\n  \\\" *   author:  $1\\\",\\n  \\\" *   created: ${CURRENT_DATE}/${CURRENT_MONTH}/${CURRENT_YEAR_SHORT} ${CURRENT_HOUR}:${CURRENT_MINUTE}:${CURRENT_SECOND}\\\",\\n  \\\"\\\\\\\"\\\\\\\"\\\\\\\"\\\",\\n  \\\"import sys\\\\n\\\",\\n  \\\"def rstr(): return sys.stdin.readline()\\\",\\n  \\\"def rint(): return int(rstr())\\\",\\n  \\\"def rli():  return list(map(int, rstr().split()))\\\",\\n  \\\"def rls():  return rstr().split()\\\",\\n  \\\"def rlc():  return list(rstr())\\\",\\n  \\\"def pl(ls): print(' '.join(map(str, ls)))\\\",\\n  \\\"def pb(ls): print('\\\\\\\\n'.join(map(str, ls)))\\\\n\\\",\\n  \\\"def solve():$3\\\\n\\\",\\n  \\\"${2:tc = int(input())}\\\"\\n  ],\\n  \\\"description\\\": \\\"Plantilla para entrenar en codefores\\\"\\n  },\\n  \\\"template 2\\\": {\\n  \\\"prefix\\\": \\\"tem2\\\",\\n  \\\"body\\\": [\\n  \\\"\\\\\\\"\\\\\\\"\\\\\\\"\\\",\\n  \\\" *   author:  $1\\\",\\n  \\\" *   created: ${CURRENT_DATE}/${CURRENT_MONTH}/${CURRENT_YEAR_SHORT} ${CURRENT_HOUR}:${CURRENT_MINUTE}:${CURRENT_SECOND}\\\",\\n  \\\"\\\\\\\"\\\\\\\"\\\\\\\"\\\",\\n  \\\"$2\\\"\\n  ],\\n  \\\"description\\\": \\\"Plantilla estándar simple sin atajos\\\"\\n  }\\n}\"}"}}