{"version":1,"resource":"vscode-userdata:/c%3A/Users/Admin/AppData/Roaming/Code/User/profiles/-68d878dd/settings.json","entries":[{"id":"kkWR.json","timestamp":1750387651461},{"id":"bRNf.json","timestamp":1750387761715},{"id":"ZGfP.json","timestamp":1750387799622},{"id":"1EPT.json","timestamp":1750387822278},{"id":"dIb6.json","timestamp":1750387845506},{"id":"oLZv.json","timestamp":1750387868555},{"id":"JD8K.json","timestamp":1750387888285},{"id":"JJhn.json","timestamp":1750387935915},{"id":"JAZt.json","timestamp":1750387993823},{"id":"9ptt.json","timestamp":1750388040124},{"id":"wsyZ.json","timestamp":1750388067811},{"id":"ei6E.json","timestamp":1750388128800},{"id":"TEWU.json","timestamp":1750388373426},{"id":"4SJE.json","timestamp":1750388532523},{"id":"EpaP.json","timestamp":1750388944457},{"id":"Hi2s.json","timestamp":1750389016895}]}