{ // @author: josuerom
  "files.autoSave": "onFocusChange",
  "diffEditor.wordWrap": "on",
  "debug.terminal.clearBeforeReusing": true,
  "extensions.ignoreRecommendations": true,
  "explorer.confirmDelete": false,
  "redhat.telemetry.enabled": false,
  "window.commandCenter": true,
  "terminal.integrated.defaultProfile.windows": "Command Prompt",
  "terminal.integrated.fontFamily": "JetBrains Mono",
  "terminal.integrated.fontSize": 14,
  "terminal.integrated.tabs.focusMode": "singleClick",
  "terminal.integrated.enableMultiLinePasteWarning": "never",
  "terminal.integrated.cursorBlinking": true,
  "terminal.integrated.cursorStyle": "line",
  "terminal.integrated.gpuAcceleration": "off",
  "code-runner.runInTerminal": true,
  "code-runner.saveFileBeforeRun": true,
  "code-runner.showExecutionMessage": false,
  "code-runner.showRunCommandInEditorContextMenu": false,
  "code-runner.clearPreviousOutput": true,
  "code-runner.preserveFocus": false,
  "code-runner.cwd": "C:\\Workspace\\bin",
  "code-runner.executorMap": {
    // compile and execute C++20 program, with manual entry
    "cpp": "clear && cd $dir && g++ $fileName -o C:\\Workspace\\bin\\sol -std=c++20 -O2 -Wall -Wl,--stack=536870912 -Wextra -pedantic -Wshadow -Wformat=2 -Wfloat-equal -Wconversion -Wlogical-op -Wshift-overflow=2 -Wduplicated-cond -Wcast-qual -Wcast-align -fmax-errors=1 -D_GLIBCXX_DEBUG -DLOCAL && C:\\Workspace\\bin\\sol ",

    // // compile and execute C++17 program, with input per file
    // "cpp": "clear && cd $dir && g++ $fileName -o C:\\Workspace\\bin\\sol -std=c++17 -O2 -Wall -Wl,--stack=536870912 -Wextra -pedantic -Wshadow -Wformat=2 -Wfloat-equal -Wconversion -Wlogical-op -Wshift-overflow=2 -Wduplicated-cond -Wcast-qual -Wcast-align -fmax-errors=1 -D_GLIBCXX_DEBUG -DLOCAL && C:\\Workspace\\bin\\sol < in1",

    // // compile and execute C++20 program, with input per file and output per file
    // "cpp": "clear && cd $dir && g++ $fileName -o C:\\Workspace\\bin\\sol -std=c++20 -O3 -DLOCAL && C:\\Workspace\\bin\\sol < input.in > output.out",

    // // compile and run C++11 program for RPC, with input per file
    // "cpp": "clear && cd $dir && g++ $fileName -o $fileNameWithoutExt -std=c++11 -Wall -O2 -DLOCAL && ./$fileNameWithoutExt < in1",

    "repeat_cpp": "clear && C:\\Workspace\\bin\\sol < in1",
    
    // // compile and run java version = 8 program, with manual entry
    // "java": "clear && cd $dir && javac -d ~/Workspace/bin $fileName && java -cp ~/Workspace/bin $fileNameWithoutExt",
    // "rep_java": "clear && java -cp ~/Workspace/bin $fileNameWithoutExt < in1",

    // compile and run java programs versions greater than > 8, with manual entry
    "java": "clear && cd $dir && java $fileName",
    "repeat_java": "clear && cd $dir && java $fileName < in1",

    "python": "clear && cd $dir && python3 -OO -S -B $fileName",
    "repeat_python": "clear && cd $dir && python3 -OO -S -B $fileName < in1",

    "javascript": "clear && cd $dir && node $fileName",
    "typescript": "clear && cd $dir && node $fileName",
  },
  "workbench.colorTheme": "Default Dark Modern",
  "workbench.iconTheme": "symbols",
  "workbench.sideBar.location": "right",
  "workbench.startupEditor": "none",
  "workbench.statusBar.visible": true,
  "workbench.layoutControl.enabled": false,
  "workbench.editor.enablePreview": false,
  "workbench.editor.showTabs": "single",
  "editor.fontFamily": "JetBrains Mono",
  "editor.fontSize": 13,
  "editor.fontLigatures": true,
  "editor.tabCompletion": "on",
  "editor.tabSize": 3,
  "editor.padding.bottom": 0,
  "editor.suggestSelection": "first",
  "editor.wordWrap": "on",
  "editor.minimap.enabled": false,
  "editor.overviewRulerBorder": false,
  "editor.hideCursorInOverviewRuler": true,
  "editor.stickyScroll.enabled": true,
  "editor.renderWhitespace": "none",
  "editor.renderControlCharacters": false,
  "editor.cursorBlinking": "expand",
  "editor.inlineSuggest.enabled": true,
  "editor.unicodeHighlight.invisibleCharacters": false,
  "editor.cursorSmoothCaretAnimation": "on",
  "editor.linkedEditing": true,
  "editor.guides.bracketPairs": true,
  "editor.matchBrackets": "never",
  "editor.glyphMargin": false,
  "editor.accessibilitySupport": "off",
  "editor.hover.sticky": false,
  "git.enableSmartCommit": true,
  "git.autofetch": true,
  "git.confirmSync": false,
  "git.openRepositoryInParentFolders": "never",
  "update.showReleaseNotes": false,
  "notebook.formatOnSave.enabled": true,
  "workbench.editor.labelFormat": "short",
  "cph.general.menuChoices": "cpp java python",
  "cph.general.saveLocation": "C:\\Workspace\\bin",
  "cph.general.timeOut": 1100,
  "cph.general.autoShowJudge": false,
  "symbols.hidesExplorerArrows": false,
  "editor.rulers": [90],
  "cppref.lang": "es",
  "cppref.searchEngine": "Google",
  "cph.general.ignoreSTDERROR": true
}