{
   "workbench.colorTheme": "Solarized Light",
   "editor.fontFamily": "Agave Nerd Font Mono",
   "editor.fontSize": 16,
   "editor.tabSize": 3,
   "git.openRepositoryInParentFolders": "never",
   "workbench.startupEditor": "none",

   "cph.general.menuChoices": "cpp java python",
   "cph.general.saveLocation": "~/Workspace/bin",
   "cph.general.timeOut": 1100,

   "terminal.integrated.defaultProfile.linux": "bash",
   "terminal.integrated.fontFamily": "JetBrains Mono",
   "terminal.integrated.fontSize": 14.5,

   "code-runner.runInTerminal": true,
   "code-runner.saveFileBeforeRun": true,
   "code-runner.showExecutionMessage": false,
   "code-runner.showRunCommandInEditorContextMenu": false,
   "code-runner.clearPreviousOutput": true,
   "code-runner.preserveFocus": false,
   "code-runner.cwd": "~/Workspace/bin",
   "code-runner.executorMap": {
      "cpp": "clear && cd $dir && g++ $fileName -o $fileNameWithoutExt -std=c++20 -O2 -Wall -Wl,--stack=536870912 -Wextra -pedantic -Wshadow -Wformat=2 -Wfloat-equal -Wconversion -Wlogical-op -Wshift-overflow=2 -Wduplicated-cond -Wcast-qual -Wcast-align -fmax-errors=1 -D_GLIBCXX_DEBUG -DLOCAL && ./$fileNameWithoutExt",
      "re_cpp": "clear && ./$fileNameWithoutExt < in1",

      "java": "clear && cd $dir && java $fileName",
      "re_java": "clear && cd $dir && java $fileName < in1",

      "python": "clear && cd $dir && python3 -OO -S -B $fileName",
      "re_py": "clear && cd $dir && python3 -OO -S -B $fileName < in1",
   },
   "cppref.lang": "es",
   "cppref.searchEngine": "Google",
   "cph.language.cpp.Args": "-std=c++20 -O2 -Wall -Wl,--stack=536870912 -Wextra -pedantic -Wshadow -Wformat=2 -Wfloat-equal -Wconversion -Wlogical-op -Wshift-overflow=2 -Wduplicated-cond -Wcast-qual -Wcast-align -fmax-errors=1 -D_GLIBCXX_DEBUG",
   "cph.language.cpp.SubmissionCompiler": "GNU G++20 13.2 (64 bit, winlibs)",
   "cph.general.ignoreSTDERROR": true,
}