{"version":1,"resource":"vscode-userdata:/c%3A/Users/Admin/AppData/Roaming/Code/User/profiles/13c4b99d/settings.json","entries":[{"id":"fhyE.json","timestamp":1750386701812},{"id":"x9De.json","timestamp":1750386752968},{"id":"MJSo.json","timestamp":1750386844932},{"id":"tnpv.json","timestamp":1750386875041},{"id":"BaMn.json","timestamp":1750391647433},{"id":"j5Qo.json","timestamp":1750391687625},{"id":"Bmbt.json","timestamp":1750391708925},{"id":"DfX4.json","timestamp":1750391739744},{"id":"3LXC.json","timestamp":1750391752587},{"id":"INSm.json","timestamp":1750391766068},{"id":"gkKb.json","timestamp":1750391897566},{"id":"reAU.json","timestamp":1750391917779},{"id":"8XnT.json","timestamp":1750392120484},{"id":"iu6G.json","timestamp":1750392150477}]}