{"version":1,"resource":"vscode-userdata:/c%3A/Users/Admin/AppData/Roaming/Code/User/profiles/13c4b99d/snippets/python.json","entries":[{"id":"MMeH.json","timestamp":1750398172212},{"id":"86UU.json","timestamp":1750398283103},{"id":"b5tQ.json","timestamp":1750398314868},{"id":"3JJM.json","timestamp":1750398333637},{"id":"O4Ew.json","timestamp":1750398369320},{"id":"TkhW.json","timestamp":1750398427506},{"id":"3djf.json","timestamp":1750398446081},{"id":"fcZ1.json","timestamp":1750398523213},{"id":"hAgK.json","timestamp":1750398568147},{"id":"kEQ7.json","timestamp":1750398676664},{"id":"zxoN.json","timestamp":1750398748380},{"id":"OZz5.json","timestamp":1750398766370},{"id":"Z31L.json","timestamp":1750398792952},{"id":"MyeA.json","timestamp":1750398827641},{"id":"U97E.json","timestamp":1750398874696},{"id":"T90e.json","timestamp":1750398886690},{"id":"iPEe.json","timestamp":1750399314175},{"id":"BrKC.json","timestamp":1750399343362},{"id":"XtTY.json","timestamp":1750399377417},{"id":"7YaO.json","timestamp":1750399431725},{"id":"GF5X.json","timestamp":1750399456020},{"id":"Sxt6.json","timestamp":1750399475103},{"id":"0SlE.json","timestamp":1750399499586},{"id":"ZPd2.json","timestamp":1750399585011},{"id":"SoWY.json","timestamp":1750399605708},{"id":"sj49.json","timestamp":1750400309472}]}