{ // @author josuerom
  "read int": {
  "prefix": "rint",
  "body": [
  "${1:n} = int(input())"
  ]
  },
  "read str": {
  "prefix": "rstr",
  "body": [
  "${1:s} = input()"
  ]
  },
  "read decimal": {
  "prefix": "rfloat",
  "body": [
  "${1:d} = float(input())"
  ]
  },
  "read list of str": {
  "prefix": "rls",
  "body": [
  "ls = input().split(\" \")"
  ]
  },
  "read list of char": {
  "prefix": "rlc",
  "body": [
  "lc = list(input())"
  ]
  },
  "read list of int": {
  "prefix": "rli",
  "body": [
  "li$1 = map(int, input().split())"
  ]
  },
  "read list of float": {
  "prefix": "rlf",
  "body": [
  "lf$1 = map(float, input().split())"
  ]
  },
  "return False": {
  "prefix": "rtf",
  "body": [
  "return False"
  ]
  },
  "return True": {
  "prefix": "rtt",
  "body": [
  "return True"
  ]
  },
  "comment block": {
  "prefix": "cb",
  "body": [
  "\"\"\"",
  "$1",
  "\"\"\""
  ]
  },
  "print(normal)": {
  "prefix": "p",
  "body": [
  "print($1)"
  ]
  },
  "print(f-string)": {
  "prefix": "pf",
  "body": [
  "print(f\"$1{}\")"
  ]
  },
  "print(ternary operator)": {
  "prefix": "po",
  "body": [
  "print($2 if $1 else $3)"
  ]
  },
  "print(veredict YES or NO)": {
  "prefix": "pv1",
  "body": [
  "print(\"YES\" if $1 else \"NO\")"
  ]
  },
  "print(veredict yes or no)": {
  "prefix": "pv2",
  "body": [
  "print(\"yes\" if $1 else \"no\")"
  ]
  },
  "ifel": {
  "prefix": "ifel",
  "body": [
  "if $1:",
  "\t",
  "else:",
  "\t"
  ]
  },
  "fori": {
  "prefix": "fori",
  "body": [
  "for ${1:i} in range(0, $2):",
  "\t$3"
  ]
  },
  "fore": {
  "prefix": "fore",
  "body": [
  "for e in enumerate(${1:list}):",
  "\t$2"
  ]
  },
  "while": {
  "prefix": "wh",
  "body": [
  "while $1:",
  "\t$2"
  ]
  },
    "read test case": {
  "prefix": "tc",
  "body": [
  "tc = int(input())",
  "while tc:",
  "\t$1",
  "\ttc -= 1"
  ]
  },
  "read tc for solve()": {
  "prefix": "tt",
  "body": [
  "tt = int(input())",
  "while tt:",
  "\tsolve()",
  "\ttt -= 1"
  ]
  },
  "header for file": {
  "prefix": "header",
  "body": [
  "#  author: josuerom - created: ${CURRENT_DATE}/${CURRENT_MONTH}/${CURRENT_YEAR_SHORT} ${CURRENT_HOUR}:${CURRENT_MINUTE}:${CURRENT_SECOND}",
  ]
  },
  "template 1": {
  "prefix": "tem1",
  "body": [
  "\"\"\"",
  "   author:  $1",
  "   created: ${CURRENT_DATE}/${CURRENT_MONTH}/${CURRENT_YEAR_SHORT} ${CURRENT_HOUR}:${CURRENT_MINUTE}:${CURRENT_SECOND}",
  "\"\"\"",
  "import sys\n",
  "def rstr(): return sys.stdin.readline()",
  "def rint(): return int(rstr())",
  "def rli():  return list(map(int, rstr().split()))",
  "def rls():  return rstr().split()",
  "def rlc():  return list(rstr())",
  "def pl(ls): print(' '.join(map(str, ls)))",
  "def pb(ls): print('\\n'.join(map(str, ls)))\n",
  "def solve():$2\n",
  "$1"
  ],
  "description": "Plantilla para entrenar en codefores"
  },
  "template 2": {
  "prefix": "tem2",
  "body": [
  "#  author: josuerom - created: ${CURRENT_DATE}/${CURRENT_MONTH}/${CURRENT_YEAR_SHORT} ${CURRENT_HOUR}:${CURRENT_MINUTE}:${CURRENT_SECOND}",
  "$1"
  ],
  "description": "Plantilla estándar simple"
  },
  "def precalculate()": {
  "prefix": "funpre",
  "body": [
  "def pre_calculate($1):",
  "\t"
  ],
  },
  "def solve()": {
  "prefix": "fsol",
  "body": [
  "def solve():",
  "\t$1",
  ],
  },
  "fun main()": {
  "prefix": "main",
  "body": [
  "if __name__ == '__main__':",
  "\t$1"
  ]
  }
}