{"ref":"2376dc01-c108-4934-8eca-ea5dcdf8759d","syncData":{"version":6,"machineId":"e2f537a8-6d5d-47f5-addb-e722de604f84","content":"[{\"identifier\":{\"id\":\"vscode.bat\"},\"preRelease\":false,\"version\":\"1.0.0\",\"pinned\":false},{\"identifier\":{\"id\":\"vscode.clojure\"},\"preRelease\":false,\"version\":\"1.0.0\",\"pinned\":false},{\"identifier\":{\"id\":\"vscode.coffeescript\"},\"preRelease\":false,\"version\":\"1.0.0\",\"pinned\":false},{\"identifier\":{\"id\":\"vscode.configuration-editing\"},\"preRelease\":false,\"version\":\"1.0.0\",\"pinned\":false},{\"identifier\":{\"id\":\"vscode.cpp\"},\"preRelease\":false,\"version\":\"1.0.0\",\"pinned\":false},{\"identifier\":{\"id\":\"vscode.csharp\"},\"preRelease\":false,\"version\":\"1.0.0\",\"pinned\":false},{\"identifier\":{\"id\":\"vscode.css\"},\"preRelease\":false,\"version\":\"1.0.0\",\"pinned\":false},{\"identifier\":{\"id\":\"vscode.css-language-features\"},\"preRelease\":false,\"version\":\"1.0.0\",\"pinned\":false},{\"identifier\":{\"id\":\"vscode.dart\"},\"preRelease\":false,\"version\":\"1.0.0\",\"pinned\":false},{\"identifier\":{\"id\":\"vscode.debug-auto-launch\"},\"preRelease\":false,\"version\":\"1.0.0\",\"pinned\":false},{\"identifier\":{\"id\":\"vscode.debug-server-ready\"},\"preRelease\":false,\"version\":\"1.0.0\",\"pinned\":false},{\"identifier\":{\"id\":\"vscode.diff\"},\"preRelease\":false,\"version\":\"1.0.0\",\"pinned\":false},{\"identifier\":{\"id\":\"vscode.docker\"},\"preRelease\":false,\"version\":\"1.0.0\",\"pinned\":false},{\"identifier\":{\"id\":\"vscode.emmet\"},\"preRelease\":false,\"version\":\"1.0.0\",\"pinned\":false},{\"identifier\":{\"id\":\"vscode.extension-editing\"},\"preRelease\":false,\"version\":\"1.0.0\",\"pinned\":false},{\"identifier\":{\"id\":\"vscode.fsharp\"},\"preRelease\":false,\"version\":\"1.0.0\",\"pinned\":false},{\"identifier\":{\"id\":\"vscode.git\"},\"preRelease\":false,\"version\":\"1.0.0\",\"pinned\":false},{\"identifier\":{\"id\":\"vscode.git-base\"},\"preRelease\":false,\"version\":\"1.0.0\",\"pinned\":false},{\"identifier\":{\"id\":\"vscode.github\"},\"preRelease\":false,\"version\":\"0.0.1\",\"pinned\":false},{\"identifier\":{\"id\":\"vscode.github-authentication\"},\"preRelease\":false,\"version\":\"0.0.2\",\"pinned\":false},{\"identifier\":{\"id\":\"vscode.go\"},\"preRelease\":false,\"version\":\"1.0.0\",\"pinned\":false},{\"identifier\":{\"id\":\"vscode.groovy\"},\"preRelease\":false,\"version\":\"1.0.0\",\"pinned\":false},{\"identifier\":{\"id\":\"vscode.grunt\"},\"preRelease\":false,\"version\":\"1.0.0\",\"pinned\":false},{\"identifier\":{\"id\":\"vscode.gulp\"},\"preRelease\":false,\"version\":\"1.0.0\",\"pinned\":false},{\"identifier\":{\"id\":\"vscode.handlebars\"},\"preRelease\":false,\"version\":\"1.0.0\",\"pinned\":false},{\"identifier\":{\"id\":\"vscode.hlsl\"},\"preRelease\":false,\"version\":\"1.0.0\",\"pinned\":false},{\"identifier\":{\"id\":\"vscode.html\"},\"preRelease\":false,\"version\":\"1.0.0\",\"pinned\":false},{\"identifier\":{\"id\":\"vscode.html-language-features\"},\"preRelease\":false,\"version\":\"1.0.0\",\"pinned\":false},{\"identifier\":{\"id\":\"vscode.ini\"},\"preRelease\":false,\"version\":\"1.0.0\",\"pinned\":false},{\"identifier\":{\"id\":\"vscode.ipynb\"},\"preRelease\":false,\"version\":\"1.0.0\",\"pinned\":false},{\"identifier\":{\"id\":\"vscode.jake\"},\"preRelease\":false,\"version\":\"1.0.0\",\"pinned\":false},{\"identifier\":{\"id\":\"vscode.java\"},\"preRelease\":false,\"version\":\"1.0.0\",\"pinned\":false},{\"identifier\":{\"id\":\"vscode.javascript\"},\"preRelease\":false,\"version\":\"1.0.0\",\"pinned\":false},{\"identifier\":{\"id\":\"vscode.json\"},\"preRelease\":false,\"version\":\"1.0.0\",\"pinned\":false},{\"identifier\":{\"id\":\"vscode.json-language-features\"},\"preRelease\":false,\"version\":\"1.0.0\",\"pinned\":false},{\"identifier\":{\"id\":\"vscode.julia\"},\"preRelease\":false,\"version\":\"1.0.0\",\"pinned\":false},{\"identifier\":{\"id\":\"vscode.latex\"},\"preRelease\":false,\"version\":\"1.0.0\",\"pinned\":false},{\"identifier\":{\"id\":\"vscode.less\"},\"preRelease\":false,\"version\":\"1.0.0\",\"pinned\":false},{\"identifier\":{\"id\":\"vscode.log\"},\"preRelease\":false,\"version\":\"1.0.0\",\"pinned\":false},{\"identifier\":{\"id\":\"vscode.lua\"},\"preRelease\":false,\"version\":\"1.0.0\",\"pinned\":false},{\"identifier\":{\"id\":\"vscode.make\"},\"preRelease\":false,\"version\":\"1.0.0\",\"pinned\":false},{\"identifier\":{\"id\":\"vscode.markdown\"},\"preRelease\":false,\"version\":\"1.0.0\",\"pinned\":false},{\"identifier\":{\"id\":\"vscode.markdown-language-features\"},\"preRelease\":false,\"version\":\"1.0.0\",\"pinned\":false},{\"identifier\":{\"id\":\"vscode.markdown-math\"},\"preRelease\":false,\"version\":\"1.0.0\",\"pinned\":false},{\"identifier\":{\"id\":\"vscode.media-preview\"},\"preRelease\":false,\"version\":\"1.0.0\",\"pinned\":false},{\"identifier\":{\"id\":\"vscode.merge-conflict\"},\"preRelease\":false,\"version\":\"1.0.0\",\"pinned\":false},{\"identifier\":{\"id\":\"vscode.microsoft-authentication\"},\"preRelease\":false,\"version\":\"0.0.1\",\"pinned\":false},{\"identifier\":{\"id\":\"ms-vscode.js-debug\"},\"preRelease\":false,\"version\":\"1.100.1\",\"pinned\":false},{\"identifier\":{\"id\":\"ms-vscode.js-debug-companion\"},\"preRelease\":false,\"version\":\"1.1.3\",\"pinned\":false},{\"identifier\":{\"id\":\"ms-vscode.vscode-js-profile-table\"},\"preRelease\":false,\"version\":\"1.0.10\",\"pinned\":false},{\"identifier\":{\"id\":\"vscode.builtin-notebook-renderers\"},\"preRelease\":false,\"version\":\"1.0.0\",\"pinned\":false},{\"identifier\":{\"id\":\"vscode.npm\"},\"preRelease\":false,\"version\":\"1.0.1\",\"pinned\":false},{\"identifier\":{\"id\":\"vscode.objective-c\"},\"preRelease\":false,\"version\":\"1.0.0\",\"pinned\":false},{\"identifier\":{\"id\":\"vscode.perl\"},\"preRelease\":false,\"version\":\"1.0.0\",\"pinned\":false},{\"identifier\":{\"id\":\"vscode.php\"},\"preRelease\":false,\"version\":\"1.0.0\",\"pinned\":false},{\"identifier\":{\"id\":\"vscode.php-language-features\"},\"preRelease\":false,\"version\":\"1.0.0\",\"pinned\":false},{\"identifier\":{\"id\":\"vscode.powershell\"},\"preRelease\":false,\"version\":\"1.0.0\",\"pinned\":false},{\"identifier\":{\"id\":\"vscode.prompt\"},\"preRelease\":false,\"version\":\"1.0.0\",\"pinned\":false},{\"identifier\":{\"id\":\"vscode.pug\"},\"preRelease\":false,\"version\":\"1.0.0\",\"pinned\":false},{\"identifier\":{\"id\":\"vscode.python\"},\"preRelease\":false,\"version\":\"1.0.0\",\"pinned\":false},{\"identifier\":{\"id\":\"vscode.r\"},\"preRelease\":false,\"version\":\"1.0.0\",\"pinned\":false},{\"identifier\":{\"id\":\"vscode.razor\"},\"preRelease\":false,\"version\":\"1.0.0\",\"pinned\":false},{\"identifier\":{\"id\":\"vscode.references-view\"},\"preRelease\":false,\"version\":\"1.0.0\",\"pinned\":false},{\"identifier\":{\"id\":\"vscode.restructuredtext\"},\"preRelease\":false,\"version\":\"1.0.0\",\"pinned\":false},{\"identifier\":{\"id\":\"vscode.ruby\"},\"preRelease\":false,\"version\":\"1.0.0\",\"pinned\":false},{\"identifier\":{\"id\":\"vscode.rust\"},\"preRelease\":false,\"version\":\"1.0.0\",\"pinned\":false},{\"identifier\":{\"id\":\"vscode.scss\"},\"preRelease\":false,\"version\":\"1.0.0\",\"pinned\":false},{\"identifier\":{\"id\":\"vscode.search-result\"},\"preRelease\":false,\"version\":\"1.0.0\",\"pinned\":false},{\"identifier\":{\"id\":\"vscode.shaderlab\"},\"preRelease\":false,\"version\":\"1.0.0\",\"pinned\":false},{\"identifier\":{\"id\":\"vscode.shellscript\"},\"preRelease\":false,\"version\":\"1.0.0\",\"pinned\":false},{\"identifier\":{\"id\":\"vscode.simple-browser\"},\"preRelease\":false,\"version\":\"1.0.0\",\"pinned\":false},{\"identifier\":{\"id\":\"vscode.sql\"},\"preRelease\":false,\"version\":\"1.0.0\",\"pinned\":false},{\"identifier\":{\"id\":\"vscode.swift\"},\"preRelease\":false,\"version\":\"1.0.0\",\"pinned\":false},{\"identifier\":{\"id\":\"vscode.terminal-suggest\"},\"preRelease\":false,\"version\":\"1.0.1\",\"pinned\":false},{\"identifier\":{\"id\":\"vscode.theme-abyss\"},\"preRelease\":false,\"version\":\"1.0.0\",\"pinned\":false},{\"identifier\":{\"id\":\"vscode.theme-defaults\"},\"preRelease\":false,\"version\":\"1.0.0\",\"pinned\":false,\"disabled\":true},{\"identifier\":{\"id\":\"vscode.theme-kimbie-dark\"},\"preRelease\":false,\"version\":\"1.0.0\",\"pinned\":false},{\"identifier\":{\"id\":\"vscode.theme-monokai\"},\"preRelease\":false,\"version\":\"1.0.0\",\"pinned\":false},{\"identifier\":{\"id\":\"vscode.theme-monokai-dimmed\"},\"preRelease\":false,\"version\":\"1.0.0\",\"pinned\":false},{\"identifier\":{\"id\":\"vscode.theme-quietlight\"},\"preRelease\":false,\"version\":\"1.0.0\",\"pinned\":false},{\"identifier\":{\"id\":\"vscode.theme-red\"},\"preRelease\":false,\"version\":\"1.0.0\",\"pinned\":false},{\"identifier\":{\"id\":\"vscode.vscode-theme-seti\"},\"preRelease\":false,\"version\":\"1.0.0\",\"pinned\":false},{\"identifier\":{\"id\":\"vscode.theme-solarized-dark\"},\"preRelease\":false,\"version\":\"1.0.0\",\"pinned\":false},{\"identifier\":{\"id\":\"vscode.theme-solarized-light\"},\"preRelease\":false,\"version\":\"1.0.0\",\"pinned\":false},{\"identifier\":{\"id\":\"vscode.theme-tomorrow-night-blue\"},\"preRelease\":false,\"version\":\"1.0.0\",\"pinned\":false},{\"identifier\":{\"id\":\"vscode.tunnel-forwarding\"},\"preRelease\":false,\"version\":\"1.0.0\",\"pinned\":false},{\"identifier\":{\"id\":\"vscode.typescript\"},\"preRelease\":false,\"version\":\"1.0.0\",\"pinned\":false},{\"identifier\":{\"id\":\"vscode.typescript-language-features\"},\"preRelease\":false,\"version\":\"1.0.0\",\"pinned\":false},{\"identifier\":{\"id\":\"vscode.vb\"},\"preRelease\":false,\"version\":\"1.0.0\",\"pinned\":false},{\"identifier\":{\"id\":\"vscode.xml\"},\"preRelease\":false,\"version\":\"1.0.0\",\"pinned\":false},{\"identifier\":{\"id\":\"vscode.yaml\"},\"preRelease\":false,\"version\":\"1.0.0\",\"pinned\":false},{\"identifier\":{\"id\":\"formulahendry.code-runner\",\"uuid\":\"a6a0c5b2-d078-4bf5-a9ee-4e37054414b3\"},\"preRelease\":false,\"version\":\"0.12.2\",\"pinned\":false,\"installed\":true},{\"identifier\":{\"id\":\"ms-python.debugpy\",\"uuid\":\"4bd5d2c9-9d65-401a-b0b2-7498d9f17615\"},\"preRelease\":false,\"version\":\"2025.8.0\",\"pinned\":false,\"installed\":true},{\"identifier\":{\"id\":\"ms-python.python\",\"uuid\":\"f1f59ae4-9318-4f3c-a9b5-81b2eaa5f8a5\"},\"preRelease\":false,\"version\":\"2025.8.0\",\"pinned\":false,\"installed\":true},{\"identifier\":{\"id\":\"ms-python.vscode-pylance\",\"uuid\":\"364d2426-116a-433a-a5d8-a5098dc3afbd\"},\"preRelease\":false,\"version\":\"2025.6.1\",\"pinned\":false,\"installed\":true},{\"identifier\":{\"id\":\"ms-vscode.cpptools\",\"uuid\":\"690b692e-e8a9-493f-b802-8089d50ac1b2\"},\"preRelease\":true,\"version\":\"1.26.2\",\"pinned\":false,\"installed\":true},{\"identifier\":{\"id\":\"ms-vscode.cpptools-extension-pack\",\"uuid\":\"3957b2f6-f086-49b5-a7b4-5da772123130\"},\"preRelease\":false,\"version\":\"1.3.1\",\"pinned\":false,\"installed\":true},{\"identifier\":{\"id\":\"tomoki1207.pdf\",\"uuid\":\"6db08635-0c6a-45ba-9a4b-8c3e192c63c2\"},\"preRelease\":false,\"version\":\"1.2.2\",\"pinned\":false,\"installed\":true}]"}}