{"ref":"9a9ad92a-06f1-4d60-bc59-53299e00b1ac","syncData":{"version":2,"machineId":"e2f537a8-6d5d-47f5-addb-e722de604f84","content":"{\"settings\":\"{ // @author: josuerom\\n  \\\"files.autoSave\\\": \\\"onFocusChange\\\",\\n  \\\"diffEditor.wordWrap\\\": \\\"on\\\",\\n  \\\"debug.terminal.clearBeforeReusing\\\": true,\\n  \\\"extensions.ignoreRecommendations\\\": true,\\n  \\\"explorer.confirmDelete\\\": false,\\n  \\\"redhat.telemetry.enabled\\\": false,\\n  \\\"window.commandCenter\\\": true,\\n  \\\"terminal.integrated.defaultProfile.linux\\\": \\\"bash\\\",\\n  \\\"terminal.integrated.fontFamily\\\": \\\"JetBrains Mono\\\",\\n  \\\"terminal.integrated.fontSize\\\": 14.2,\\n  \\\"terminal.integrated.tabs.focusMode\\\": \\\"singleClick\\\",\\n  \\\"terminal.integrated.enableMultiLinePasteWarning\\\": \\\"never\\\",\\n  \\\"terminal.integrated.cursorBlinking\\\": true,\\n  \\\"terminal.integrated.cursorStyle\\\": \\\"line\\\",\\n  \\\"terminal.integrated.gpuAcceleration\\\": \\\"off\\\",\\n  \\\"code-runner.runInTerminal\\\": true,\\n  \\\"code-runner.saveFileBeforeRun\\\": true,\\n  \\\"code-runner.showExecutionMessage\\\": false,\\n  \\\"code-runner.showRunCommandInEditorContextMenu\\\": false,\\n  \\\"code-runner.clearPreviousOutput\\\": true,\\n  \\\"code-runner.preserveFocus\\\": false,\\n  \\\"code-runner.cwd\\\": \\\"~/Workspace/bin\\\",\\n  \\\"code-runner.executorMap\\\": {\\n    // compile and execute C++17 program, with manual entry\\n    \\\"cpp\\\": \\\"clear && cd $dir && g++ $fileName -o ~/Workspace/bin/sol -std=c++20 -O2 -Wall -Wl,--stack=536870912 -Wextra -pedantic -Wshadow -Wformat=2 -Wfloat-equal -Wconversion -Wlogical-op -Wshift-overflow=2 -Wduplicated-cond -Wcast-qual -Wcast-align -fmax-errors=1 -D_GLIBCXX_DEBUG -DLOCAL && ~/Workspace/bin/sol\\\",\\n\\n    // // compile and execute C++17 program, with input per file\\n    // \\\"cpp\\\": \\\"clear && cd $dir && g++ $fileName -o ~/Workspace/bin/sol -std=c++17 -O2 -Wall -Wl,--stack=536870912 -Wextra -pedantic -Wshadow -Wformat=2 -Wfloat-equal -Wconversion -Wlogical-op -Wshift-overflow=2 -Wduplicated-cond -Wcast-qual -Wcast-align -fmax-errors=1 -D_GLIBCXX_DEBUG -DLOCAL && ~/Workspace/bin/sol < ../samples/in1\\\",\\n\\n    // // compile and execute C++20 program, with input per file and output per file\\n    // \\\"cpp\\\": \\\"clear && cd $dir && g++ $fileName -o ~/Workspace/bin/sol -std=c++20 -O3 -DLOCAL && ~/Workspace/bin/sol < ../samples/input.in > ../samples/output.out\\\",\\n\\n    // // compile and run C++11 program for RPC, with input per file\\n    // \\\"cpp\\\": \\\"clear && cd $dir && g++ $fileName -o $fileNameWithoutExt -std=c++11 -Wall -O2 -DLOCAL && ./$fileNameWithoutExt < in1\\\",\\n    \\n    // // compile and run java version = 8 program, with manual entry\\n    // \\\"java\\\": \\\"clear && cd $dir && javac -d ~/Workspace/bin $fileName && java -cp ~/Workspace/bin $fileNameWithoutExt\\\",\\n    // \\\"rep_java\\\": \\\"clear && java -cp ~/Workspace/bin $fileNameWithoutExt < ../samples/in1\\\",\\n\\n    // compile and run java programs versions greater than > 8, with manual entry\\n    \\\"java\\\": \\\"clear && cd $dir && java $fileName\\\",\\n    \\\"re_java\\\": \\\"clear && cd $dir && java $fileName < in1\\\",\\n  \\n    \\\"re_cpp\\\": \\\"clear && ~/Workspace/bin/sol < in1\\\",\\n\\n    \\\"python\\\": \\\"clear && cd $dir && python3 -OO -S -B $fileName\\\",\\n    \\\"re_py\\\": \\\"clear && cd $dir && python3 -OO -S -B $fileName < in1\\\",\\n\\n    \\\"javascript\\\": \\\"clear && cd $dir && node $fileName\\\",\\n    \\\"typescript\\\": \\\"clear && cd $dir && node $fileName\\\",\\n  },\\n  \\\"workbench.colorTheme\\\": \\\"Default Dark Modern\\\",\\n  \\\"workbench.sideBar.location\\\": \\\"right\\\",\\n  \\\"workbench.startupEditor\\\": \\\"none\\\",\\n  \\\"workbench.statusBar.visible\\\": true,\\n  \\\"workbench.layoutControl.enabled\\\": false,\\n  \\\"workbench.editor.enablePreview\\\": false,\\n  \\\"workbench.editor.showTabs\\\": \\\"single\\\",\\n  \\\"editor.fontFamily\\\": \\\"JetBrains Mono\\\",\\n  \\\"editor.fontSize\\\": 14,\\n  \\\"editor.fontLigatures\\\": true,\\n  \\\"editor.tabCompletion\\\": \\\"on\\\",\\n  \\\"editor.tabSize\\\": 3,\\n  \\\"editor.padding.bottom\\\": 0,\\n  \\\"editor.suggestSelection\\\": \\\"first\\\",\\n  \\\"editor.wordWrap\\\": \\\"on\\\",\\n  \\\"editor.minimap.enabled\\\": false,\\n  \\\"editor.overviewRulerBorder\\\": false,\\n  \\\"editor.hideCursorInOverviewRuler\\\": true,\\n  \\\"editor.stickyScroll.enabled\\\": true,\\n  \\\"editor.renderWhitespace\\\": \\\"none\\\",\\n  \\\"editor.renderControlCharacters\\\": false,\\n  \\\"editor.cursorBlinking\\\": \\\"expand\\\",\\n  \\\"editor.inlineSuggest.enabled\\\": true,\\n  \\\"editor.unicodeHighlight.invisibleCharacters\\\": false,\\n  \\\"editor.cursorSmoothCaretAnimation\\\": \\\"on\\\",\\n  \\\"editor.linkedEditing\\\": true,\\n  \\\"editor.guides.bracketPairs\\\": true,\\n  \\\"editor.matchBrackets\\\": \\\"never\\\",\\n  \\\"editor.glyphMargin\\\": false,\\n  \\\"editor.accessibilitySupport\\\": \\\"off\\\",\\n  \\\"editor.hover.sticky\\\": false,\\n  \\\"git.enableSmartCommit\\\": true,\\n  \\\"git.autofetch\\\": true,\\n  \\\"git.confirmSync\\\": false,\\n  \\\"git.openRepositoryInParentFolders\\\": \\\"never\\\",\\n  \\\"update.showReleaseNotes\\\": false,\\n  \\\"notebook.formatOnSave.enabled\\\": true,\\n  \\\"workbench.editor.labelFormat\\\": \\\"short\\\",\\n  \\\"cph.general.timeOut\\\": 1100,\\n  \\\"cph.general.autoShowJudge\\\": false,\\n  \\\"symbols.hidesExplorerArrows\\\": false,\\n  \\\"editor.rulers\\\": [90],\\n  \\\"cppref.lang\\\": \\\"es\\\",\\n  \\\"cppref.searchEngine\\\": \\\"Google\\\",\\n  \\\"workbench.productIconTheme\\\": \\\"fluent-icons\\\",\\n  \\\"workbench.iconTheme\\\": \\\"symbols\\\",\\n  \\\"cph.general.ignoreSTDERROR\\\": true,\\n  \\\"cph.language.cpp.Args\\\": \\\"-std=c++20 -O2 -Wall -Wl,--stack=536870912 -Wextra -pedantic -Wshadow -Wformat=2 -Wfloat-equal -Wconversion -Wlogical-op -Wshift-overflow=2 -Wduplicated-cond -Wcast-qual -Wcast-align -fmax-errors=1 -D_GLIBCXX_DEBUG\\\",\\n  \\\"cph.language.cpp.SubmissionCompiler\\\": \\\"GNU G++20 13.2 (64 bit, winlibs)\\\",\\n  \\\"cph.general.menuChoices\\\": \\\"cpp java python\\\",\\n  \\\"code-runner.ignoreSelection\\\": true,\\n  \\\"code-runner.saveAllFilesBeforeRun\\\": true,\\n  //\\\"cph.general.saveLocation\\\": \\\"~/Workspace/bin\\\",\\n}\"}"}}