{
    "telemetry.machineId": "a6b5aa5d5dc0b7c4fcf55ce7740ff294283532860e3b207ce196b49d2592a08a",
    "telemetry.sqmId": "{A7B51621-2C87-4643-9CE9-B61A7EFF15A6}",
    "telemetry.devDeviceId": "d8a7c9ec-8bd3-4947-9cbb-d4d9fa5e25eb",
    "backupWorkspaces": {
        "workspaces": [],
        "folders": [
            {
                "folderUri": "file:///c%3A/Workspace/gym/training-camp-ccpl/2025/contest-4"
            }
        ],
        "emptyWindows": [
            {
                "backupFolder": "1750385321939"
            },
            {
                "backupFolder": "1750400593322"
            }
        ]
    },
    "windowControlHeight": 35,
    "profileAssociations": {
        "workspaces": {
            "file:///c%3A/Workspace/gym/training-camp-ccpl/2025/contest-4": "67b5a43b"
        },
        "emptyWindows": {
            "1750385321939": "-68d878dd",
            "1750400593322": "-68d878dd"
        }
    },
    "theme": "vs-dark",
    "themeBackground": "#1f1f1f",
    "windowSplash": {
        "zoomLevel": 0,
        "baseTheme": "vs-dark",
        "colorInfo": {
            "foreground": "#cccccc",
            "background": "#1f1f1f",
            "editorBackground": "#1f1f1f",
            "titleBarBackground": "#181818",
            "titleBarBorder": "#2b2b2b",
            "activityBarBackground": "#181818",
            "activityBarBorder": "#2b2b2b",
            "sideBarBackground": "#181818",
            "sideBarBorder": "#2b2b2b",
            "statusBarBackground": "#181818",
            "statusBarBorder": "#2b2b2b",
            "statusBarNoFolderBackground": "#1f1f1f"
        },
        "layoutInfo": {
            "sideBarSide": "right",
            "editorPartMinWidth": 220,
            "titleBarHeight": 35,
            "activityBarWidth": 48,
            "sideBarWidth": 300,
            "auxiliarySideBarWidth": 0,
            "statusBarHeight": 22,
            "windowBorder": false
        }
    },
    "windowsState": {
        "lastActiveWindow": {
            "backupPath": "C:\\Users\\Admin\\AppData\\Roaming\\Code\\Backups\\1750400593322",
            "uiState": {
                "mode": 1,
                "x": 40,
                "y": 0,
                "width": 1200,
                "height": 672
            }
        },
        "openedWindows": []
    },
    "userDataProfiles": [
        {
            "location": "-18d300cd",
            "name": "Josuerom Linux",
            "icon": "terminal"
        },
        {
            "location": "-68d878dd",
            "name": "Josuerom Windows",
            "icon": "terminal"
        },
        {
            "location": "13c4b99d",
            "name": "Linux guest",
            "icon": "shield"
        },
        {
            "location": "67b5a43b",
            "name": "Windows guest",
            "icon": "shield"
        }
    ],
    "windowSplashWorkspaceOverride": {
        "layoutInfo": {
            "sideBarWidth": 300,
            "auxiliaryBarWidth": 300,
            "workspaces": {
                "f4533904140bba32cdf3a2a72239bd19": {
                    "sideBarVisible": true,
                    "auxiliaryBarVisible": false
                }
            }
        }
    }
}