{"version":1,"resource":"file:///c%3A/Workspace/gym/training-camp-ccpl/2025/contest-4/G.cpp","entries":[{"id":"X1pi.cpp","source":"undoRedo.source","timestamp":1750388469037},{"id":"qnGL.cpp","timestamp":1750388475556},{"id":"fvCE.cpp","timestamp":1750388509971},{"id":"30Pv.cpp","timestamp":1750388749176},{"id":"j7ZZ.cpp","timestamp":1750389141020},{"id":"6oWL.cpp","timestamp":1750389232864},{"id":"sDIQ.cpp","timestamp":1750389336445},{"id":"772W.cpp","timestamp":1750389912543},{"id":"bBR0.cpp","timestamp":1750389949287},{"id":"j1C5.cpp","timestamp":1750390017072},{"id":"5t7F.cpp","timestamp":1750390074455},{"id":"wg5f.cpp","timestamp":1750390286122},{"id":"8IYd.cpp","timestamp":1750390414135},{"id":"Y0gK.cpp","timestamp":1750390585547},{"id":"WtOJ.cpp","timestamp":1750390960365},{"id":"m5J6.cpp","timestamp":1750391019808},{"id":"ExAA.cpp","timestamp":1750391232574},{"id":"rBif.cpp","timestamp":1750391243927},{"id":"7FzK.cpp","timestamp":1750391274004},{"id":"wMR3.cpp","timestamp":1750391305783},{"id":"W5wO.cpp","timestamp":1750391363599},{"id":"Jh3l.cpp","timestamp":1750394503899},{"id":"q8Tk.cpp","timestamp":1750394765365},{"id":"UjV1.cpp","timestamp":1750394811352}]}