{"ref":"93605127-8736-4bd2-98d2-990a55a86e57","syncData":{"version":2,"machineId":"e2f537a8-6d5d-47f5-addb-e722de604f84","content":"{\"settings\":\"{\\n   \\\"workbench.colorTheme\\\": \\\"Solarized Light\\\",\\n   \\\"editor.fontFamily\\\": \\\"Agave Nerd Font Mono\\\",\\n   \\\"editor.fontSize\\\": 16,\\n   \\\"editor.tabSize\\\": 3,\\n   \\\"git.openRepositoryInParentFolders\\\": \\\"never\\\",\\n   \\\"workbench.startupEditor\\\": \\\"none\\\",\\n   \\n   \\\"terminal.integrated.defaultProfile.linux\\\": \\\"bash\\\",\\n   \\\"terminal.integrated.fontFamily\\\": \\\"JetBrains Mono\\\",\\n   \\\"terminal.integrated.fontSize\\\": 14.5,\\n\\n   \\\"code-runner.runInTerminal\\\": true,\\n   \\\"code-runner.saveFileBeforeRun\\\": true,\\n   \\\"code-runner.showExecutionMessage\\\": false,\\n   \\\"code-runner.showRunCommandInEditorContextMenu\\\": false,\\n   \\\"code-runner.clearPreviousOutput\\\": true,\\n   \\\"code-runner.preserveFocus\\\": false,\\n   \\\"code-runner.cwd\\\": \\\"~/Workspace/bin\\\",\\n   \\\"code-runner.executorMap\\\": {\\n      \\\"cpp\\\": \\\"clear && cd $dir && g++ $fileName -o $fileNameWithoutExt -std=c++20 -O2 -Wall -Wl,--stack=536870912 -Wextra -pedantic -Wshadow -Wformat=2 -Wfloat-equal -Wconversion -Wlogical-op -Wshift-overflow=2 -Wduplicated-cond -Wcast-qual -Wcast-align -fmax-errors=1 -D_GLIBCXX_DEBUG -DLOCAL && ./$fileNameWithoutExt\\\",\\n      \\\"re_cpp\\\": \\\"clear && ./$fileNameWithoutExt < in1\\\",\\n      \\n      \\\"java\\\": \\\"clear && cd $dir && java $fileName\\\",\\n      \\\"re_java\\\": \\\"clear && cd $dir && java $fileName < in1\\\",\\n      \\n      \\\"python\\\": \\\"clear && cd $dir && python3 -OO -S -B $fileName\\\",\\n      \\\"re_py\\\": \\\"clear && cd $dir && python3 -OO -S -B $fileName < in1\\\",\\n   },\\n   \\\"cppref.lang\\\": \\\"es\\\",\\n   \\\"cppref.searchEngine\\\": \\\"Google\\\",\\n   \\\"cph.language.cpp.Args\\\": \\\"-std=c++20 -O2 -Wall -Wl,--stack=536870912 -Wextra -pedantic -Wshadow -Wformat=2 -Wfloat-equal -Wconversion -Wlogical-op -Wshift-overflow=2 -Wduplicated-cond -Wcast-qual -Wcast-align -fmax-errors=1 -D_GLIBCXX_DEBUG\\\",\\n   \\\"cph.language.cpp.SubmissionCompiler\\\": \\\"GNU G++20 13.2 (64 bit, winlibs)\\\",\\n   \\\"cph.general.ignoreSTDERROR\\\": true,\\n   \\\"cph.general.menuChoices\\\": \\\"cpp java python\\\",\\n   \\\"cph.general.timeOut\\\": 1100,\\n   //\\\"cph.general.saveLocation\\\": \\\"~/Workspace/bin\\\",\\n}\"}"}}