{"ref":"8645e5cf-d6f6-481c-802b-862bbbf1b956","syncData":{"version":2,"machineId":"e2f537a8-6d5d-47f5-addb-e722de604f84","content":"{\"settings\":\"{ // @author: josuerom\\r\\n  \\\"files.autoSave\\\": \\\"onFocusChange\\\",\\r\\n  \\\"diffEditor.wordWrap\\\": \\\"on\\\",\\r\\n  \\\"debug.terminal.clearBeforeReusing\\\": true,\\r\\n  \\\"extensions.ignoreRecommendations\\\": true,\\r\\n  \\\"explorer.confirmDelete\\\": false,\\r\\n  \\\"redhat.telemetry.enabled\\\": false,\\r\\n  \\\"window.commandCenter\\\": true,\\r\\n  \\\"terminal.integrated.defaultProfile.windows\\\": \\\"Command Prompt\\\",\\r\\n  \\\"terminal.integrated.fontFamily\\\": \\\"JetBrains Mono\\\",\\r\\n  \\\"terminal.integrated.fontSize\\\": 14,\\r\\n  \\\"terminal.integrated.tabs.focusMode\\\": \\\"singleClick\\\",\\r\\n  \\\"terminal.integrated.enableMultiLinePasteWarning\\\": \\\"never\\\",\\r\\n  \\\"terminal.integrated.cursorBlinking\\\": true,\\r\\n  \\\"terminal.integrated.cursorStyle\\\": \\\"line\\\",\\r\\n  \\\"terminal.integrated.gpuAcceleration\\\": \\\"off\\\",\\r\\n  \\\"code-runner.runInTerminal\\\": true,\\r\\n  \\\"code-runner.saveFileBeforeRun\\\": true,\\r\\n  \\\"code-runner.showExecutionMessage\\\": false,\\r\\n  \\\"code-runner.showRunCommandInEditorContextMenu\\\": false,\\r\\n  \\\"code-runner.clearPreviousOutput\\\": true,\\r\\n  \\\"code-runner.preserveFocus\\\": false,\\r\\n  \\\"code-runner.cwd\\\": \\\"C:\\\\\\\\Workspace\\\\\\\\bin\\\",\\r\\n  \\\"code-runner.executorMap\\\": {\\r\\n    // compile and execute C++20 program, with manual entry\\r\\n    \\\"cpp\\\": \\\"cls && cd $dir && g++ $fileName -o C:\\\\\\\\Workspace\\\\\\\\bin\\\\\\\\sol.exe -std=c++20 -O2 -Wall -Wl,--stack=536870912 -Wextra -pedantic -Wshadow -Wformat=2 -Wfloat-equal -Wconversion -Wlogical-op -Wshift-overflow=2 -Wduplicated-cond -Wcast-qual -Wcast-align -fmax-errors=1 -D_GLIBCXX_DEBUG -DLOCAL && C:\\\\\\\\Workspace\\\\\\\\bin\\\\\\\\sol.exe\\\",\\r\\n\\r\\n    // // compile and execute C++17 program, with input per file\\r\\n    // \\\"cpp\\\": \\\"cls && cd $dir && g++ $fileName -o C:\\\\\\\\Workspace\\\\\\\\bin\\\\\\\\sol.exe -std=c++17 -O2 -Wall -Wl,--stack=536870912 -Wextra -pedantic -Wshadow -Wformat=2 -Wfloat-equal -Wconversion -Wlogical-op -Wshift-overflow=2 -Wduplicated-cond -Wcast-qual -Wcast-align -fmax-errors=1 -D_GLIBCXX_DEBUG -DLOCAL && C:\\\\\\\\Workspace\\\\\\\\bin\\\\\\\\sol.exe < in1\\\",\\r\\n\\r\\n    // // compile and execute C++20 program, with input per file and output per file\\r\\n    // \\\"cpp\\\": \\\"cls && cd $dir && g++ $fileName -o C:\\\\\\\\Workspace\\\\\\\\bin\\\\\\\\sol.exe -std=c++20 -O3 -DLOCAL && C:\\\\\\\\Workspace\\\\\\\\bin\\\\\\\\sol.exe < input.in > output.out\\\",\\r\\n\\r\\n    // // compile and run C++11 program for RPC, with input per file\\r\\n    // \\\"cpp\\\": \\\"cls && cd $dir && g++ $fileName -o $fileNameWithoutExt -std=c++11 -Wall -O2 -DLOCAL && ./$fileNameWithoutExt < in1\\\",\\r\\n\\r\\n    \\\"re_cpp\\\": \\\"cls && C:\\\\\\\\Workspace\\\\\\\\bin\\\\\\\\sol.exe < in1\\\",\\r\\n    \\r\\n    // // compile and run java version = 8 program, with manual entry\\r\\n    // \\\"java\\\": \\\"cls && cd $dir && javac -d ~/Workspace/bin $fileName && java -cp ~/Workspace/bin $fileNameWithoutExt\\\",\\r\\n    // \\\"rep_java\\\": \\\"cls && java -cp ~/Workspace/bin $fileNameWithoutExt < in1\\\",\\r\\n\\r\\n    // compile and run java programs versions greater than > 8, with manual entry\\r\\n    \\\"java\\\": \\\"cls && cd $dir && java $fileName\\\",\\r\\n    \\\"re_java\\\": \\\"cls && cd $dir && java $fileName < in1\\\",\\r\\n\\r\\n    \\\"python\\\": \\\"cls && cd $dir && python3 -OO -S -B $fileName\\\",\\r\\n    \\\"re_py\\\": \\\"cls && cd $dir && python3 -OO -S -B $fileName < in1\\\",\\r\\n\\r\\n    \\\"javascript\\\": \\\"cls && cd $dir && node $fileName\\\",\\r\\n    \\\"typescript\\\": \\\"cls && cd $dir && node $fileName\\\",\\r\\n  },\\r\\n  \\\"workbench.colorTheme\\\": \\\"Default Dark Modern\\\",\\r\\n  \\\"workbench.iconTheme\\\": \\\"symbols\\\",\\r\\n  \\\"workbench.sideBar.location\\\": \\\"right\\\",\\r\\n  \\\"workbench.startupEditor\\\": \\\"none\\\",\\r\\n  \\\"workbench.statusBar.visible\\\": true,\\r\\n  \\\"workbench.layoutControl.enabled\\\": false,\\r\\n  \\\"workbench.editor.enablePreview\\\": false,\\r\\n  \\\"workbench.editor.showTabs\\\": \\\"single\\\",\\r\\n  \\\"editor.fontFamily\\\": \\\"JetBrains Mono\\\",\\r\\n  \\\"editor.fontSize\\\": 13,\\r\\n  \\\"editor.fontLigatures\\\": true,\\r\\n  \\\"editor.tabCompletion\\\": \\\"on\\\",\\r\\n  \\\"editor.tabSize\\\": 3,\\r\\n  \\\"editor.padding.bottom\\\": 0,\\r\\n  \\\"editor.suggestSelection\\\": \\\"first\\\",\\r\\n  \\\"editor.wordWrap\\\": \\\"on\\\",\\r\\n  \\\"editor.minimap.enabled\\\": false,\\r\\n  \\\"editor.overviewRulerBorder\\\": false,\\r\\n  \\\"editor.hideCursorInOverviewRuler\\\": true,\\r\\n  \\\"editor.stickyScroll.enabled\\\": true,\\r\\n  \\\"editor.renderWhitespace\\\": \\\"none\\\",\\r\\n  \\\"editor.renderControlCharacters\\\": false,\\r\\n  \\\"editor.cursorBlinking\\\": \\\"expand\\\",\\r\\n  \\\"editor.inlineSuggest.enabled\\\": true,\\r\\n  \\\"editor.unicodeHighlight.invisibleCharacters\\\": false,\\r\\n  \\\"editor.cursorSmoothCaretAnimation\\\": \\\"on\\\",\\r\\n  \\\"editor.linkedEditing\\\": true,\\r\\n  \\\"editor.guides.bracketPairs\\\": true,\\r\\n  \\\"editor.matchBrackets\\\": \\\"never\\\",\\r\\n  \\\"editor.glyphMargin\\\": false,\\r\\n  \\\"editor.accessibilitySupport\\\": \\\"off\\\",\\r\\n  \\\"editor.hover.sticky\\\": false,\\r\\n  \\\"git.enableSmartCommit\\\": true,\\r\\n  \\\"git.autofetch\\\": true,\\r\\n  \\\"git.confirmSync\\\": false,\\r\\n  \\\"git.openRepositoryInParentFolders\\\": \\\"never\\\",\\r\\n  \\\"update.showReleaseNotes\\\": false,\\r\\n  \\\"notebook.formatOnSave.enabled\\\": true,\\r\\n  \\\"workbench.editor.labelFormat\\\": \\\"short\\\",\\r\\n  \\\"cph.general.menuChoices\\\": \\\"cpp java python\\\",\\r\\n  \\\"cph.general.saveLocation\\\": \\\"C:\\\\\\\\Workspace\\\\\\\\bin\\\",\\r\\n  \\\"cph.general.timeOut\\\": 1100,\\r\\n  \\\"cph.general.autoShowJudge\\\": false,\\r\\n  \\\"symbols.hidesExplorerArrows\\\": false,\\r\\n  \\\"editor.rulers\\\": [90],\\r\\n  \\\"cppref.lang\\\": \\\"es\\\",\\r\\n  \\\"cppref.searchEngine\\\": \\\"Google\\\",\\r\\n  \\\"cph.general.ignoreSTDERROR\\\": true,\\r\\n  \\\"cph.language.cpp.SubmissionCompiler\\\": \\\"GNU G++20 13.2 (64 bit, winlibs)\\\",\\r\\n  \\\"cph.language.cpp.Args\\\": \\\"-std=c++20 -O2 -Wall -Wl,--stack=536870912 -Wextra -pedantic -Wshadow -Wformat=2 -Wfloat-equal -Wconversion -Wlogical-op -Wshift-overflow=2 -Wduplicated-cond -Wcast-qual -Wcast-align -fmax-errors=1 -D_GLIBCXX_DEBUG\\\"\\r\\n}\"}"}}