{"ref":"5646790e-de4b-4e36-80af-c485ddcff74f","syncData":{"version":1,"machineId":"e2f537a8-6d5d-47f5-addb-e722de604f84","content":"{\"cpp.json\":\"{ // @author josuerom\\r\\n  \\\"#ifndef ONLINE_JUDGE\\\": {\\r\\n  \\\"prefix\\\": \\\"online\\\",\\r\\n  \\\"body\\\": [\\r\\n  \\\"#ifndef ONLINE_JUDGE\\\",\\r\\n  \\\"\\\\tfreopen(\\\\\\\"in1$1\\\\\\\", \\\\\\\"r\\\\\\\", stdin);\\\",\\r\\n  \\\"\\\\tfreopen(\\\\\\\"output\\\\\\\", \\\\\\\"w\\\\\\\", stdout);\\\",\\r\\n  \\\"#endif\\\"\\r\\n  ]\\r\\n  },\\r\\n  \\\"ios::sync_with_stdio(false);\\\\ncin.tie(0); cout.tie(0);\\\": {\\r\\n  \\\"prefix\\\": \\\"ios\\\",\\r\\n  \\\"body\\\": [\\r\\n  \\\"ios::sync_with_stdio(false);\\\",\\r\\n  \\\"cin.tie(0); cout.tie(0);\\\"\\r\\n  ]\\r\\n  },\\r\\n  \\\"using namespace std;\\\": {\\r\\n  \\\"prefix\\\": \\\"usin\\\",\\r\\n  \\\"body\\\": [\\r\\n  \\\"using namespace std;\\\"\\r\\n  ]\\r\\n  },\\r\\n  \\\"read char[] with space\\\": {\\r\\n  \\\"prefix\\\": \\\"rac\\\",\\r\\n  \\\"body\\\": [\\r\\n  \\\"cin.getline(${1:s}, ${2:n}, '\\\\\\\\n');\\\"\\r\\n  ]\\r\\n  },\\r\\n  \\\"read string with space\\\": {\\r\\n  \\\"prefix\\\": \\\"rln\\\",\\r\\n  \\\"body\\\": [\\r\\n  \\\"getline(cin, ${1:s});\\\"\\r\\n  ]\\r\\n  },\\r\\n  \\\"for (int x)\\\": {\\r\\n  \\\"prefix\\\": \\\"for\\\",\\r\\n  \\\"body\\\": [\\r\\n  \\\"for (int $1; $2; $3) {\\\\n$4\\\\n}\\\"\\r\\n  ]\\r\\n  },\\r\\n  \\\"for (int i = 0; i < n; i++)\\\": {\\r\\n  \\\"prefix\\\": \\\"fori\\\",\\r\\n  \\\"body\\\": [\\r\\n  \\\"for (int ${1:i} = 0; ${1:i} < $2; ${1:i}++) $3\\\"\\r\\n  ]\\r\\n  },\\r\\n  \\\"for (int i = n; i >= 0; i--)\\\": {\\r\\n  \\\"prefix\\\": \\\"forr\\\",\\r\\n  \\\"body\\\": [\\r\\n  \\\"for (int ${1:i} = $2 - 1; ${1:i} >= 0; ${1:i}--) $3\\\"\\r\\n  ]\\r\\n  },\\r\\n  \\\"for (auto &e : vector)\\\": {\\r\\n  \\\"prefix\\\": \\\"forev\\\",\\r\\n  \\\"body\\\": [\\r\\n  \\\"for (auto &e : $1) cout << e << \\\\\\\" \\\\\\\";\\\",\\r\\n  \\\"cout << \\\\\\\"\\\\\\\\n\\\\\\\";\\\"\\r\\n  ]\\r\\n  },\\r\\n  \\\"for (auto &[] : pair)\\\": {\\r\\n  \\\"prefix\\\": \\\"forep\\\",\\r\\n  \\\"body\\\": [\\r\\n  \\\"for (auto &[f, s] : $1) {\\\",\\r\\n  \\\"}\\\"\\r\\n  ]\\r\\n  },\\r\\n  \\\"void preCalculate()\\\": {\\r\\n  \\\"prefix\\\": \\\"funp\\\",\\r\\n  \\\"body\\\": [\\r\\n  \\\"void preCalculate($3) {\\\",\\r\\n  \\\"}\\\"\\r\\n  ]\\r\\n  },\\r\\n  \\\"function<> template\\\": {\\r\\n  \\\"prefix\\\": \\\"funt\\\",\\r\\n  \\\"body\\\": [\\r\\n  \\\"function<int$1(int)> $2 = [&](int n) {\\\",\\r\\n  \\\"};\\\"\\r\\n  ]\\r\\n  },\\r\\n  \\\"read test case\\\": {\\r\\n  \\\"prefix\\\": \\\"tt\\\",\\r\\n  \\\"body\\\": [\\r\\n  \\\"int tt;\\\",\\r\\n  \\\"cin >> tt;\\\",\\r\\n  \\\"while (tt--) {\\\",\\r\\n  \\\"\\\\t$1\\\",\\r\\n  \\\"}\\\"\\r\\n  ]\\r\\n  },\\r\\n  \\\"#include <bits/stdc++.h>\\\": {\\r\\n  \\\"prefix\\\": \\\"incl\\\",\\r\\n  \\\"body\\\": [\\r\\n  \\\"#include <bits/stdc++.h>$1\\\"\\r\\n  ]\\r\\n  },\\r\\n  \\\"cin for two\\\": {\\r\\n  \\\"prefix\\\": \\\"cin2\\\",\\r\\n  \\\"body\\\": [\\r\\n  \\\"cin >> $1 >> $2;\\\"\\r\\n  ]\\r\\n  },\\r\\n  \\\"cin for three\\\": {\\r\\n  \\\"prefix\\\": \\\"cin3\\\",\\r\\n  \\\"body\\\": [\\r\\n  \\\"cin >> $1 >> $2 >> $3;\\\"\\r\\n  ]\\r\\n  },\\r\\n  \\\"cin for four\\\": {\\r\\n  \\\"prefix\\\": \\\"cin4\\\",\\r\\n  \\\"body\\\": [\\r\\n  \\\"cin >> $1 >> $2 >> $3 >> $4;\\\"\\r\\n  ]\\r\\n  },\\r\\n  \\\"cin for five\\\": {\\r\\n  \\\"prefix\\\": \\\"cin5\\\",\\r\\n  \\\"body\\\": [\\r\\n  \\\"cin >> $1 >> $2 >> $3 >> $4 >> $5;\\\"\\r\\n  ]\\r\\n  },\\r\\n  \\\"cout for two\\\": {\\r\\n  \\\"prefix\\\": \\\"cout2\\\",\\r\\n  \\\"body\\\": [\\r\\n  \\\"cout << $1 << \\\\\\\" \\\\\\\" << $2 << nl;\\\"\\r\\n  ]\\r\\n  },\\r\\n  \\\"cout for three\\\": {\\r\\n  \\\"prefix\\\": \\\"cout3\\\",\\r\\n  \\\"body\\\": [\\r\\n  \\\"cout << $1 << \\\\\\\" \\\\\\\" << $2 << \\\\\\\" \\\\\\\" << $3 << nl;\\\"\\r\\n  ]\\r\\n  },\\r\\n  \\\"cout for four\\\": {\\r\\n  \\\"prefix\\\": \\\"cout4\\\",\\r\\n  \\\"body\\\": [\\r\\n  \\\"cout << $1 << \\\\\\\" \\\\\\\" << $2 << \\\\\\\" \\\\\\\" << $3 << \\\\\\\" \\\\\\\" << $4 << nl;\\\"\\r\\n  ]\\r\\n  },\\r\\n  \\\"cout for five\\\": {\\r\\n  \\\"prefix\\\": \\\"cout5\\\",\\r\\n  \\\"body\\\": [\\r\\n  \\\"cout << $1 << \\\\\\\" \\\\\\\" << $2 << \\\\\\\" \\\\\\\" << $3 << \\\\\\\" \\\\\\\" << $4 << \\\\\\\" \\\\\\\" << $5 << nl;\\\"\\r\\n  ]\\r\\n  },\\r\\n  \\\"scanf(%d)\\\": {\\r\\n  \\\"prefix\\\": \\\"sc\\\",\\r\\n  \\\"body\\\": [\\r\\n  \\\"scanf(\\\\\\\"%d$1\\\\\\\\n\\\\\\\", &$2);\\\"\\r\\n  ]\\r\\n  },\\r\\n  \\\"printf(%d)\\\": {\\r\\n  \\\"prefix\\\": \\\"pr\\\",\\r\\n  \\\"body\\\": [\\r\\n  \\\"printf(\\\\\\\"%d\\\\\\\\n$1\\\\\\\", $2);\\\"\\r\\n  ]\\r\\n  },\\r\\n  \\\"printf ternary operator\\\": {\\r\\n  \\\"prefix\\\": \\\"pter\\\",\\r\\n  \\\"body\\\": [\\r\\n  \\\"printf(\\\\\\\"%d$1\\\\\\\\n\\\\\\\", ($2 ? $3 : $4));\\\"\\r\\n  ]\\r\\n  },\\r\\n  \\\"assignment ternary operator\\\": {\\r\\n  \\\"prefix\\\": \\\"ater\\\",\\r\\n  \\\"body\\\": [\\r\\n  \\\"$1 = $2 ? $3 : $4;\\\"\\r\\n  ]\\r\\n  },\\r\\n  \\\"cout ternary operator\\\": {\\r\\n  \\\"prefix\\\": \\\"cter\\\",\\r\\n  \\\"body\\\": [\\r\\n  \\\"cout << ($1 ? $2 : $3) << \\\\\\\"\\\\\\\\n\\\\\\\";\\\"\\r\\n  ]\\r\\n  },\\r\\n  \\\"cout ternary YES or NO\\\": {\\r\\n  \\\"prefix\\\": \\\"coutv1\\\",\\r\\n  \\\"body\\\": [\\r\\n  \\\"cout << ($1 ? \\\\\\\"YES\\\\\\\" : \\\\\\\"NO\\\\\\\") << \\\\\\\"\\\\\\\\n\\\\\\\";\\\"\\r\\n  ]\\r\\n  },\\r\\n  \\\"cout ternary yes or no\\\": {\\r\\n  \\\"prefix\\\": \\\"coutv2\\\",\\r\\n  \\\"body\\\": [\\r\\n  \\\"cout << ($1 ? \\\\\\\"yes\\\\\\\" : \\\\\\\"no\\\\\\\") << \\\\\\\"\\\\\\\\n\\\\\\\";\\\"\\r\\n  ]\\r\\n  },\\r\\n  \\\".begin(), .end()\\\": {\\r\\n  \\\"prefix\\\": \\\"all\\\",\\r\\n  \\\"body\\\": [\\r\\n  \\\"$1.begin(), $1.end()\\\"\\r\\n  ]\\r\\n  },\\r\\n  \\\".rbegin(), .rend()\\\": {\\r\\n  \\\"prefix\\\": \\\"rall\\\",\\r\\n  \\\"body\\\": [\\r\\n  \\\"$1.rbegin(), $1.rend()\\\"\\r\\n  ]\\r\\n  },\\r\\n  \\\"sum of elements\\\": {\\r\\n  \\\"prefix\\\": \\\"sum\\\",\\r\\n  \\\"body\\\": [\\r\\n  \\\"int sum = accumulate($1.begin(), $1.end(), 0);\\\"\\r\\n  ]\\r\\n  },\\r\\n  \\\"index distance\\\": {\\r\\n  \\\"prefix\\\": \\\"dist\\\",\\r\\n  \\\"body\\\": [\\r\\n  \\\"auto it = lower_bound($1.begin(), $1.end());\\\",\\r\\n  \\\"int d1 = distance($1.begin(), it);\\\"\\r\\n  ]\\r\\n  },\\r\\n  \\\"binary search\\\": {\\r\\n  \\\"prefix\\\": \\\"busb\\\",\\r\\n  \\\"body\\\": [\\r\\n  \\\"int bs = binary_search($1.begin(), $1.end(), $2);\\\"\\r\\n  ]\\r\\n  },\\r\\n  \\\"sort container\\\": {\\r\\n  \\\"prefix\\\": \\\"sort\\\",\\r\\n  \\\"body\\\": [\\r\\n  \\\"sort($1.begin(), $1.end());\\\"\\r\\n  ]\\r\\n  },\\r\\n  \\\"set const N\\\": {\\r\\n  \\\"prefix\\\": \\\"setn\\\",\\r\\n  \\\"body\\\": [\\r\\n  \\\"const int N = (1e$1) + 100;\\\"\\r\\n  ]\\r\\n  },\\r\\n  \\\"header for file\\\": {\\r\\n  \\\"prefix\\\": \\\"author\\\",\\r\\n  \\\"body\\\": [\\r\\n  \\\"/**\\\",\\r\\n  \\\" *   author:  $1\\\",\\r\\n  \\\" *   created: ${CURRENT_DATE}/${CURRENT_MONTH}/${CURRENT_YEAR_SHORT} ${CURRENT_HOUR}:${CURRENT_MINUTE}:${CURRENT_SECOND}\\\",\\r\\n  \\\"**/\\\"\\r\\n  ]\\r\\n  },\\r\\n  \\\"date for file\\\": {\\r\\n  \\\"prefix\\\": \\\"date\\\",\\r\\n  \\\"body\\\": [\\r\\n  \\\" *   created: ${CURRENT_DATE}/${CURRENT_MONTH}/${CURRENT_YEAR_SHORT} ${CURRENT_HOUR}:${CURRENT_MINUTE}:${CURRENT_SECOND}\\\"\\r\\n  ]\\r\\n  },\\r\\n  \\\"#pragma GCC\\\": {\\r\\n  \\\"prefix\\\": \\\"gcc\\\",\\r\\n  \\\"body\\\": [\\r\\n  \\\"#pragma GCC optimize(\\\\\\\"Ofast\\\\\\\")\\\"\\r\\n  ]\\r\\n  },\\r\\n  \\\"LOCAL debugger\\\": {\\r\\n  \\\"prefix\\\": \\\"debug\\\",\\r\\n  \\\"body\\\": [\\r\\n  \\\"#ifdef LOCAL\\\",\\r\\n  \\\"#include \\\\\\\"../debug/debug.h\\\\\\\"\\\",\\r\\n  \\\"#else\\\",\\r\\n  \\\"#define debug(...) 42\\\",\\r\\n  \\\"#endif\\\\n\\\"\\r\\n  ]\\r\\n  },\\r\\n  \\\"Codeforces template\\\": {\\r\\n  \\\"prefix\\\": \\\"tem1\\\",\\r\\n  \\\"body\\\": [\\r\\n  \\\"/**\\\",\\r\\n  \\\" *   author:  $1\\\",\\r\\n  \\\" *   created: ${CURRENT_DATE}/${CURRENT_MONTH}/${CURRENT_YEAR_SHORT} ${CURRENT_HOUR}:${CURRENT_MINUTE}:${CURRENT_SECOND}\\\",\\r\\n  \\\"**/\\\",\\r\\n  \\\"#include <bits/stdc++.h>\\\",\\r\\n  \\\"using namespace std;\\\\n\\\",\\r\\n  \\\"#define ll  unsigned long long\\\",\\r\\n  \\\"#define nl  '\\\\\\\\n'\\\",\\r\\n  \\\"\\\\nconst int N = (1e$3) + 100;\\\\n\\\",\\r\\n  \\\"void solve() {\\\",\\r\\n  \\\"}\\\\n\\\",\\r\\n  \\\"int main() {\\\",\\r\\n  \\\"\\\\tios::sync_with_stdio(false);\\\",\\r\\n  \\\"\\\\tcin.tie(0); cout.tie(0);\\\",\\r\\n  \\\"\\\\tint tt = 1;\\\",\\r\\n  \\\"\\\\tcin >> tt;$2\\\",\\r\\n  \\\"#ifdef LOCAL\\\",\\r\\n  \\\"\\\\tfor (int i = 1; i <= tt; i++) {\\\",\\r\\n  \\\"\\\\t\\\\tcout << \\\\\\\"Case #\\\\\\\" << i << \\\\\\\":\\\\\\\\n\\\\\\\";\\\",\\r\\n  \\\"\\\\t\\\\tsolve();\\\",\\r\\n  \\\"\\\\t}\\\",\\r\\n  \\\"#else\\\",\\r\\n  \\\"\\\\twhile (tt--) solve();\\\",\\r\\n  \\\"#endif\\\",\\r\\n  \\\"}\\\"\\r\\n  ],\\r\\n  \\\"description\\\": \\\"Plantilla para entrenar\\\"\\r\\n  },\\r\\n  \\\"Light template\\\": {\\r\\n  \\\"prefix\\\": \\\"tem2\\\",\\r\\n  \\\"body\\\": [\\r\\n  \\\"/**\\\",\\r\\n  \\\" *   author:  𝖏𝖔𝖘𝖚𝖊𝖗𝖔𝖒\\\",\\r\\n  \\\" *   created: ${CURRENT_DATE}/${CURRENT_MONTH}/${CURRENT_YEAR_SHORT} ${CURRENT_HOUR}:${CURRENT_MINUTE}:${CURRENT_SECOND}\\\",\\r\\n  \\\"**/\\\",\\r\\n  \\\"#include <bits/stdc++.h>\\\\n\\\",\\r\\n  \\\"using namespace std;\\\\n\\\",\\r\\n  \\\"int main() {\\\",\\r\\n  \\\"\\\\tios::sync_with_stdio(false);\\\",\\r\\n  \\\"\\\\tcin.tie(0); cout.tie(0);\\\",\\r\\n  \\\"\\\\t$1\\\",\\r\\n  \\\"}\\\"\\r\\n  ],\\r\\n  \\\"description\\\": \\\"Plantilla básica sin atajos\\\"\\r\\n  },\\r\\n  \\\"2 Bits template\\\": {\\r\\n  \\\"prefix\\\": \\\"tem3\\\",\\r\\n  \\\"body\\\": [\\r\\n  \\\"/**\\\",\\r\\n  \\\" *   █▀█  █▀▀▄ ─▀─ ▀▀█▀▀ █▀▀\\\",\\r\\n  \\\" *   ─▄▀  █▀▀▄ ▀█▀ ──█── ▀▀█\\\",\\r\\n  \\\" *   █▄▄  ▀▀▀─ ▀▀▀ ──▀── ▀▀▀\\\",\\r\\n  \\\" *   created: ${CURRENT_DATE}/${CURRENT_MONTH}/${CURRENT_YEAR_SHORT} ${CURRENT_HOUR}:${CURRENT_MINUTE}:${CURRENT_SECOND}\\\",\\r\\n  \\\"**/\\\",\\r\\n  \\\"#include <bits/stdc++.h>\\\",\\r\\n  \\\"using namespace std;\\\\n\\\",\\r\\n  \\\"#define ll  unsigned long long\\\",\\r\\n  \\\"#define nl  '\\\\\\\\n'\\\\n\\\",\\r\\n  \\\"class Problem${TM_FILENAME_BASE} {\\\",\\r\\n  \\\"public:\\\",\\r\\n  \\\"\\\\tvoid aSolution() {$2\\\",\\r\\n  \\\"\\\\t}\\\\n\\\",\\r\\n  \\\"\\\\tvoid readTc() {\\\",\\r\\n  \\\"\\\\t\\\\tint TC;\\\",\\r\\n  \\\"\\\\t\\\\tcin >> TC;\\\",\\r\\n  \\\"#ifdef LOCAL\\\",\\r\\n  \\\"\\\\t\\\\tfor (int i = 1; i <= TC; i++) {\\\",\\r\\n  \\\"\\\\t\\\\t\\\\tcout << \\\\\\\"Case #\\\\\\\" << i << \\\\\\\":\\\\\\\\n\\\\\\\";\\\",\\r\\n  \\\"\\\\t\\\\t\\\\taSolution();\\\",\\r\\n  \\\"\\\\t\\\\t}\\\",\\r\\n  \\\"#else\\\",\\r\\n  \\\"\\\\t\\\\twhile (TC--) aSolution();\\\",\\r\\n  \\\"#endif\\\",\\r\\n  \\\"\\\\t}\\\",\\r\\n  \\\"};\\\\n\\\",\\r\\n  \\\"int main() {\\\",\\r\\n  \\\"\\\\tios::sync_with_stdio(false);\\\",\\r\\n  \\\"\\\\tcin.tie(0); cout.tie(0);\\\",\\r\\n  \\\"\\\\tProblem${TM_FILENAME_BASE} in;\\\",\\r\\n  \\\"\\\\tin.readTc();$1\\\",\\r\\n  \\\"\\\\t// in.aSolution();$1\\\",\\r\\n  \\\"\\\\treturn 0;\\\",\\r\\n  \\\"}\\\"\\r\\n  ],\\r\\n  \\\"description\\\": \\\"Plantilla del equipo 2 Bits UNIMINUTO\\\"\\r\\n  },\\r\\n  \\\"Um_nik template\\\": {\\r\\n  \\\"prefix\\\": \\\"tem4\\\",\\r\\n  \\\"body\\\": [\\r\\n  \\\"/**\\\",\\r\\n  \\\" *   author:  $1\\\",\\r\\n  \\\" *   created: ${CURRENT_DATE}/${CURRENT_MONTH}/${CURRENT_YEAR_SHORT} ${CURRENT_HOUR}:${CURRENT_MINUTE}:${CURRENT_SECOND}\\\",\\r\\n  \\\"**/\\\",\\r\\n  \\\"#include <bits/stdc++.h>\\\",\\r\\n  \\\"using namespace std;\\\",\\r\\n  \\\"\\\",\\r\\n  \\\"#ifdef LOCAL\\\",\\r\\n  \\\"\\\\t#define eprintf(...) {fprintf(stderr, __VA_ARGS__); fflush(stderr);}\\\",\\r\\n  \\\"#else\\\",\\r\\n  \\\"\\\\t#define eprintf(...) 42\\\",\\r\\n  \\\"#endif\\\",\\r\\n  \\\"\\\",\\r\\n  \\\"using ll = long long;\\\",\\r\\n  \\\"using ld = long double;\\\",\\r\\n  \\\"using uint = unsigned int;\\\",\\r\\n  \\\"using ull = unsigned long long;\\\",\\r\\n  \\\"using pii = pair<int, int>;\\\",\\r\\n  \\\"using psi = pair<string, int>;\\\",\\r\\n  \\\"using pll = pair<ll, ll>;\\\",\\r\\n  \\\"mt19937_64 rng(chrono::steady_clock::now().time_since_epoch().count());\\\",\\r\\n  \\\"ll randomNumber(ll B) {\\\",\\r\\n  \\\"   return (ull)rng() % B;\\\",\\r\\n  \\\"}\\\",\\r\\n  \\\"\\\",\\r\\n  \\\"#define pb  push_back\\\",\\r\\n  \\\"#define ss  second\\\",\\r\\n  \\\"#define ff  first\\\",\\r\\n  \\\"\\\",\\r\\n  \\\"clock_t startTime;\\\",\\r\\n  \\\"double getSolutionTime() {\\\",\\r\\n  \\\"   return (double)(clock() - startTime) / CLOCKS_PER_SEC;\\\",\\r\\n  \\\"}\\\\n\\\",\\r\\n  \\\"$3\\\\n\\\",\\r\\n  \\\"void solve() {\\\",\\r\\n  \\\"}\\\",\\r\\n  \\\"\\\",\\r\\n  \\\"int main() {\\\",\\r\\n  \\\"   startTime = clock();\\\",\\r\\n  \\\"   int T = 1;\\\",\\r\\n  \\\"   scanf(\\\\\\\"%d\\\\\\\", &T);$2\\\",\\r\\n  \\\"   for (int i = 1; i <= T; i++) {\\\",\\r\\n  \\\"      eprintf(\\\\\\\"Case #%d:\\\\\\\\n\\\\\\\", i);\\\",\\r\\n  \\\"      solve();\\\",\\r\\n  \\\"      eprintf(\\\\\\\"time %.4lf ms\\\\\\\\n\\\\\\\", getSolutionTime());\\\",\\r\\n  \\\"  }\\\",\\r\\n  \\\"  return 0;\\\",\\r\\n  \\\"}\\\"\\r\\n  ],\\r\\n  \\\"description\\\": \\\"Plantilla del competidor avanzado Um_nik\\\"\\r\\n  },\\r\\n  \\\"Petr template\\\": {\\r\\n  \\\"prefix\\\": \\\"tem5\\\",\\r\\n  \\\"body\\\": [\\r\\n  \\\"/**\\\",\\r\\n  \\\" * Template taken from the advanced competitor https://codeforces.com/profile/Petr\\\",\\r\\n  \\\" * I am a beginner hobbyist who takes templates to feel advanced.\\\",\\r\\n  \\\" * The possible solution is found in the number line 1072.\\\\n\\\",\\r\\n  \\\" *  author: josuerom | file generation: ${CURRENT_DATE}/${CURRENT_MONTH}/${CURRENT_YEAR_SHORT} ${CURRENT_HOUR}:${CURRENT_MINUTE}:${CURRENT_SECOND}\\\",\\r\\n  \\\"**/\\\",\\r\\n  \\\"#undef NDEBUG\\\",\\r\\n  \\\"#include <algorithm>\\\",\\r\\n  \\\"#include <array>\\\",\\r\\n  \\\"#include <bitset>\\\",\\r\\n  \\\"#include <cassert>\\\",\\r\\n  \\\"#include <climits>\\\",\\r\\n  \\\"#include <cstdint>\\\",\\r\\n  \\\"#include <cmath>\\\",\\r\\n  \\\"#include <complex>\\\",\\r\\n  \\\"#include <cstdio>\\\",\\r\\n  \\\"#include <cstdlib>\\\",\\r\\n  \\\"#include <cstring>\\\",\\r\\n  \\\"#include <functional>\\\",\\r\\n  \\\"#include <iomanip>\\\",\\r\\n  \\\"#include <iostream>\\\",\\r\\n  \\\"#include <map>\\\",\\r\\n  \\\"#include <memory>\\\",\\r\\n  \\\"#include <numeric>\\\",\\r\\n  \\\"#include <queue>\\\",\\r\\n  \\\"#include <random>\\\",\\r\\n  \\\"#include <set>\\\",\\r\\n  \\\"#include <stack>\\\",\\r\\n  \\\"#include <string>\\\",\\r\\n  \\\"#include <unordered_set>\\\",\\r\\n  \\\"#include <unordered_map>\\\",\\r\\n  \\\"#include <vector>\\\",\\r\\n  \\\"// AtCoder library from https://github.com/atcoder/ac-library\\\",\\r\\n  \\\"#ifndef ATCODER_CONVOLUTION_HPP\\\",\\r\\n  \\\"#define ATCODER_CONVOLUTION_HPP 1\\\\n\\\",\\r\\n  \\\"#include <type_traits>\\\\n\\\",\\r\\n  \\\"#ifndef ATCODER_INTERNAL_BITOP_HPP\\\",\\r\\n  \\\"#define ATCODER_INTERNAL_BITOP_HPP 1\\\\n\\\",\\r\\n  \\\"#ifdef _MSC_VER\\\",\\r\\n  \\\"#include <intrin.h>\\\",\\r\\n  \\\"#endif\\\\n\\\",\\r\\n  \\\"namespace atcoder {\\\",\\r\\n  \\\"   namespace internal {\\\",\\r\\n  \\\"      // @param n `0 <= n`\\\",\\r\\n  \\\"      // @return minimum non-negative `x` s.t. `n <= 2**x`\\\",\\r\\n  \\\"      int ceil_pow2(int n) {\\\",\\r\\n  \\\"         int x = 0;\\\",\\r\\n  \\\"         while ((1U << x) < (unsigned int)(n))\\\",\\r\\n  \\\"            x++;\\\",\\r\\n  \\\"         return x;\\\",\\r\\n  \\\"      }\\\",\\r\\n  \\\"\\\",\\r\\n  \\\"      // @param n `1 <= n`\\\",\\r\\n  \\\"      // @return minimum non-negative `x` s.t. `(n & (1 << x)) != 0`\\\",\\r\\n  \\\"      int bsf(unsigned int n) {\\\",\\r\\n  \\\"         #ifdef _MSC_VER\\\",\\r\\n  \\\"         unsigned long index;\\\",\\r\\n  \\\"         _BitScanForward(&index, n);\\\",\\r\\n  \\\"         return index;\\\",\\r\\n  \\\"         #else\\\",\\r\\n  \\\"         return __builtin_ctz(n);\\\",\\r\\n  \\\"         #endif\\\",\\r\\n  \\\"      }\\\",\\r\\n  \\\"   } // namespace internal\\\",\\r\\n  \\\"} // namespace atcoder\\\",\\r\\n  \\\"#endif // ATCODER_INTERNAL_BITOP_HPP\\\",\\r\\n  \\\"\\\",\\r\\n  \\\"#ifndef ATCODER_MODINT_HPP\\\",\\r\\n  \\\"#define ATCODER_MODINT_HPP 1\\\",\\r\\n  \\\"\\\",\\r\\n  \\\"#ifndef ATCODER_INTERNAL_MATH_HPP\\\",\\r\\n  \\\"#define ATCODER_INTERNAL_MATH_HPP 1\\\",\\r\\n  \\\"\\\",\\r\\n  \\\"#include <utility>\\\",\\r\\n  \\\"\\\",\\r\\n  \\\"namespace atcoder {\\\",\\r\\n  \\\"   namespace internal {\\\",\\r\\n  \\\"      // @param m `1 <= m`\\\",\\r\\n  \\\"      // @return x mod m\\\",\\r\\n  \\\"      constexpr long long safe_mod(long long x, long long m) {\\\",\\r\\n  \\\"         x %= m;\\\",\\r\\n  \\\"         if (x < 0)\\\",\\r\\n  \\\"            x += m;\\\",\\r\\n  \\\"         return x;\\\",\\r\\n  \\\"      }\\\",\\r\\n  \\\"\\\",\\r\\n  \\\"      // Fast modular multiplication by barrett reduction\\\",\\r\\n  \\\"      // Reference: https://en.wikipedia.org/wiki/Barrett_reduction\\\",\\r\\n  \\\"      // NOTE: reconsider after Ice Lake\\\",\\r\\n  \\\"      struct barrett {\\\",\\r\\n  \\\"         unsigned int _m;\\\",\\r\\n  \\\"         unsigned long long im;\\\",\\r\\n  \\\"\\\",\\r\\n  \\\"         // @param m `1 <= m < 2^31`\\\",\\r\\n  \\\"         barrett(unsigned int m) : _m(m), im((unsigned long long)(-1) / m + 1) {}\\\",\\r\\n  \\\"\\\",\\r\\n  \\\"         // @return m\\\",\\r\\n  \\\"         unsigned int umod() const { return _m; }\\\",\\r\\n  \\\"\\\",\\r\\n  \\\"         // @param a `0 <= a < m`\\\",\\r\\n  \\\"         // @param b `0 <= b < m`\\\",\\r\\n  \\\"         // @return `a * b % m`\\\",\\r\\n  \\\"         unsigned int mul(unsigned int a, unsigned int b) const {\\\",\\r\\n  \\\"            // [1] m = 1\\\",\\r\\n  \\\"            // a = b = im = 0, so okay\\\",\\r\\n  \\\"\\\",\\r\\n  \\\"            // [2] m >= 2\\\",\\r\\n  \\\"            // im = ceil(2^64 / m)\\\",\\r\\n  \\\"            // -> im * m = 2^64 + r (0 <= r < m)\\\",\\r\\n  \\\"            // let z = a*b = c*m + d (0 <= c, d < m)\\\",\\r\\n  \\\"            // a*b * im = (c*m + d) * im = c*(im*m) + d*im = c*2^64 + c*r + d*im\\\",\\r\\n  \\\"            // c*r + d*im < m * m + m * im < m * m + 2^64 + m <= 2^64 + m * (m + 1) < 2^64 * 2\\\",\\r\\n  \\\"            // ((ab * im) >> 64) == c or c + 1\\\",\\r\\n  \\\"            unsigned long long z = a;\\\",\\r\\n  \\\"            z *= b;\\\",\\r\\n  \\\"            #ifdef _MSC_VER\\\",\\r\\n  \\\"            unsigned long long x;\\\",\\r\\n  \\\"            _umul128(z, im, &x);\\\",\\r\\n  \\\"            #else\\\",\\r\\n  \\\"            unsigned long long x =\\\",\\r\\n  \\\"                (unsigned long long)(((unsigned __int128)(z)*im) >> 64);\\\",\\r\\n  \\\"            #endif\\\",\\r\\n  \\\"            unsigned int v = (unsigned int)(z - x * _m);\\\",\\r\\n  \\\"            if (_m <= v)\\\",\\r\\n  \\\"               v += _m;\\\",\\r\\n  \\\"            return v;\\\",\\r\\n  \\\"         }\\\",\\r\\n  \\\"      };\\\",\\r\\n  \\\"\\\",\\r\\n  \\\"      // @param n `0 <= n`\\\",\\r\\n  \\\"      // @param m `1 <= m`\\\",\\r\\n  \\\"      // @return `(x ** n) % m`\\\",\\r\\n  \\\"      constexpr long long pow_mod_constexpr(long long x, long long n, int m) {\\\",\\r\\n  \\\"         if (m == 1)\\\",\\r\\n  \\\"            return 0;\\\",\\r\\n  \\\"         unsigned int _m = (unsigned int)(m);\\\",\\r\\n  \\\"         unsigned long long r = 1;\\\",\\r\\n  \\\"         unsigned long long y = safe_mod(x, m);\\\",\\r\\n  \\\"         while (n) {\\\",\\r\\n  \\\"            if (n & 1)\\\",\\r\\n  \\\"               r = (r * y) % _m;\\\",\\r\\n  \\\"            y = (y * y) % _m;\\\",\\r\\n  \\\"            n >>= 1;\\\",\\r\\n  \\\"         }\\\",\\r\\n  \\\"         return r;\\\",\\r\\n  \\\"      }\\\",\\r\\n  \\\"\\\",\\r\\n  \\\"      // Reference:\\\",\\r\\n  \\\"      // M. Forisek and J. Jancina,\\\",\\r\\n  \\\"      // Fast Primality Testing for Integers That Fit into a Machine Word\\\",\\r\\n  \\\"      // @param n `0 <= n`\\\",\\r\\n  \\\"      constexpr bool is_prime_constexpr(int n) {\\\",\\r\\n  \\\"         if (n <= 1)\\\",\\r\\n  \\\"            return false;\\\",\\r\\n  \\\"         if (n == 2 || n == 7 || n == 61)\\\",\\r\\n  \\\"            return true;\\\",\\r\\n  \\\"         if (n % 2 == 0)\\\",\\r\\n  \\\"            return false;\\\",\\r\\n  \\\"         long long d = n - 1;\\\",\\r\\n  \\\"         while (d % 2 == 0)\\\",\\r\\n  \\\"            d /= 2;\\\",\\r\\n  \\\"         constexpr long long bases[3] = {2, 7, 61};\\\",\\r\\n  \\\"         for (long long a : bases) {\\\",\\r\\n  \\\"            long long t = d;\\\",\\r\\n  \\\"            long long y = pow_mod_constexpr(a, t, n);\\\",\\r\\n  \\\"            while (t != n - 1 && y != 1 && y != n - 1)\\\",\\r\\n  \\\"            {\\\",\\r\\n  \\\"               y = y * y % n;\\\",\\r\\n  \\\"               t <<= 1;\\\",\\r\\n  \\\"            }\\\",\\r\\n  \\\"            if (y != n - 1 && t % 2 == 0)\\\",\\r\\n  \\\"            {\\\",\\r\\n  \\\"               return false;\\\",\\r\\n  \\\"            }\\\",\\r\\n  \\\"         }\\\",\\r\\n  \\\"         return true;\\\",\\r\\n  \\\"      }\\\",\\r\\n  \\\"      template <int n>\\\",\\r\\n  \\\"      constexpr bool is_prime = is_prime_constexpr(n);\\\",\\r\\n  \\\"\\\",\\r\\n  \\\"      // @param b `1 <= b`\\\",\\r\\n  \\\"      // @return pair(g, x) s.t. g = gcd(a, b), xa = g (mod b), 0 <= x < b/g\\\",\\r\\n  \\\"      constexpr std::pair<long long, long long> inv_gcd(long long a, long long b) {\\\",\\r\\n  \\\"         a = safe_mod(a, b);\\\",\\r\\n  \\\"         if (a == 0)\\\",\\r\\n  \\\"            return {b, 0};\\\",\\r\\n  \\\"\\\",\\r\\n  \\\"         // Contracts:\\\",\\r\\n  \\\"         // [1] s - m0 * a = 0 (mod b)\\\",\\r\\n  \\\"         // [2] t - m1 * a = 0 (mod b)\\\",\\r\\n  \\\"         // [3] s * |m1| + t * |m0| <= b\\\",\\r\\n  \\\"         long long s = b, t = a;\\\",\\r\\n  \\\"         long long m0 = 0, m1 = 1;\\\",\\r\\n  \\\"\\\",\\r\\n  \\\"         while (t) {\\\",\\r\\n  \\\"            long long u = s / t;\\\",\\r\\n  \\\"            s -= t * u;\\\",\\r\\n  \\\"            m0 -= m1 * u; // |m1 * u| <= |m1| * s <= b\\\",\\r\\n  \\\"\\\",\\r\\n  \\\"            // [3]:\\\",\\r\\n  \\\"            // (s - t * u) * |m1| + t * |m0 - m1 * u|\\\",\\r\\n  \\\"            // <= s * |m1| - t * u * |m1| + t * (|m0| + |m1| * u)\\\",\\r\\n  \\\"            // = s * |m1| + t * |m0| <= b\\\",\\r\\n  \\\"\\\",\\r\\n  \\\"            auto tmp = s;\\\",\\r\\n  \\\"            s = t;\\\",\\r\\n  \\\"            t = tmp;\\\",\\r\\n  \\\"            tmp = m0;\\\",\\r\\n  \\\"            m0 = m1;\\\",\\r\\n  \\\"            m1 = tmp;\\\",\\r\\n  \\\"         }\\\",\\r\\n  \\\"         // by [3]: |m0| <= b/g\\\",\\r\\n  \\\"         // by g != b: |m0| < b/g\\\",\\r\\n  \\\"         if (m0 < 0)\\\",\\r\\n  \\\"            m0 += b / s;\\\",\\r\\n  \\\"         return {s, m0};\\\",\\r\\n  \\\"      }\\\",\\r\\n  \\\"\\\",\\r\\n  \\\"      // Compile time primitive root\\\",\\r\\n  \\\"      // @param m must be prime\\\",\\r\\n  \\\"      // @return primitive root (and minimum in now)\\\",\\r\\n  \\\"      constexpr int primitive_root_constexpr(int m) {\\\",\\r\\n  \\\"         if (m == 2)\\\",\\r\\n  \\\"            return 1;\\\",\\r\\n  \\\"         if (m == 167772161)\\\",\\r\\n  \\\"            return 3;\\\",\\r\\n  \\\"         if (m == 469762049)\\\",\\r\\n  \\\"            return 3;\\\",\\r\\n  \\\"         if (m == 754974721)\\\",\\r\\n  \\\"            return 11;\\\",\\r\\n  \\\"         if (m == 998244353)\\\",\\r\\n  \\\"            return 3;\\\",\\r\\n  \\\"         int divs[20] = {};\\\",\\r\\n  \\\"         divs[0] = 2;\\\",\\r\\n  \\\"         int cnt = 1;\\\",\\r\\n  \\\"         int x = (m - 1) / 2;\\\",\\r\\n  \\\"         while (x % 2 == 0)\\\",\\r\\n  \\\"            x /= 2;\\\",\\r\\n  \\\"         for (int i = 3; (long long)(i)*i <= x; i += 2) {\\\",\\r\\n  \\\"            if (x % i == 0) {\\\",\\r\\n  \\\"               divs[cnt++] = i;\\\",\\r\\n  \\\"               while (x % i == 0)\\\",\\r\\n  \\\"               {\\\",\\r\\n  \\\"                  x /= i;\\\",\\r\\n  \\\"               }\\\",\\r\\n  \\\"            }\\\",\\r\\n  \\\"         }\\\",\\r\\n  \\\"         if (x > 1) {\\\",\\r\\n  \\\"            divs[cnt++] = x;\\\",\\r\\n  \\\"         }\\\",\\r\\n  \\\"         for (int g = 2;; g++) {\\\",\\r\\n  \\\"            bool ok = true;\\\",\\r\\n  \\\"            for (int i = 0; i < cnt; i++) {\\\",\\r\\n  \\\"               if (pow_mod_constexpr(g, (m - 1) / divs[i], m) == 1) {\\\",\\r\\n  \\\"                  ok = false;\\\",\\r\\n  \\\"                  break;\\\",\\r\\n  \\\"               }\\\",\\r\\n  \\\"            }\\\",\\r\\n  \\\"            if (ok)\\\",\\r\\n  \\\"               return g;\\\",\\r\\n  \\\"         }\\\",\\r\\n  \\\"      }\\\",\\r\\n  \\\"      template <int m>\\\",\\r\\n  \\\"      constexpr int primitive_root = primitive_root_constexpr(m);\\\",\\r\\n  \\\"   } // namespace internal\\\",\\r\\n  \\\"} // namespace atcoder\\\",\\r\\n  \\\"#endif // ATCODER_INTERNAL_MATH_HPP\\\",\\r\\n  \\\"\\\",\\r\\n  \\\"#ifndef ATCODER_INTERNAL_TYPE_TRAITS_HPP\\\",\\r\\n  \\\"#define ATCODER_INTERNAL_TYPE_TRAITS_HPP 1\\\",\\r\\n  \\\"\\\",\\r\\n  \\\"namespace atcoder {\\\",\\r\\n  \\\"   namespace internal {\\\",\\r\\n  \\\"      #ifndef _MSC_VER\\\",\\r\\n  \\\"      template <class T>\\\",\\r\\n  \\\"      using is_signed_int128 =\\\",\\r\\n  \\\"          typename std::conditional<std::is_same<T, __int128_t>::value ||\\\",\\r\\n  \\\"                                    std::is_same<T, __int128>::value,\\\",\\r\\n  \\\"                                    std::true_type,\\\",\\r\\n  \\\"                                    std::false_type>::type;\\\",\\r\\n  \\\"\\\",\\r\\n  \\\"      template <class T>\\\",\\r\\n  \\\"      using is_unsigned_int128 =\\\",\\r\\n  \\\"          typename std::conditional<std::is_same<T, __uint128_t>::value ||\\\",\\r\\n  \\\"                                    std::is_same<T, unsigned __int128>::value,\\\",\\r\\n  \\\"                                    std::true_type,\\\",\\r\\n  \\\"                                    std::false_type>::type;\\\",\\r\\n  \\\"\\\",\\r\\n  \\\"      template <class T>\\\",\\r\\n  \\\"      using make_unsigned_int128 =\\\",\\r\\n  \\\"          typename std::conditional<std::is_same<T, __int128_t>::value,\\\",\\r\\n  \\\"                                    __uint128_t,\\\",\\r\\n  \\\"                                    unsigned __int128>;\\\",\\r\\n  \\\"\\\",\\r\\n  \\\"      template <class T>\\\",\\r\\n  \\\"      using is_integral = typename std::conditional<std::is_integral<T>::value ||\\\",\\r\\n  \\\"                                                         is_signed_int128<T>::value ||\\\",\\r\\n  \\\"                                                         is_unsigned_int128<T>::value,\\\",\\r\\n  \\\"                                                    std::true_type,\\\",\\r\\n  \\\"                                                    std::false_type>::type;\\\",\\r\\n  \\\"\\\",\\r\\n  \\\"      template <class T>\\\",\\r\\n  \\\"      using is_signed_int = typename std::conditional<(is_integral<T>::value &&\\\",\\r\\n  \\\"                                                       std::is_signed<T>::value) ||\\\",\\r\\n  \\\"                                                       is_signed_int128<T>::value,\\\",\\r\\n  \\\"                                                       std::true_type,\\\",\\r\\n  \\\"                                                       std::false_type>::type;\\\",\\r\\n  \\\"\\\",\\r\\n  \\\"      template <class T>\\\",\\r\\n  \\\"      using is_unsigned_int =\\\",\\r\\n  \\\"          typename std::conditional<(is_integral<T>::value &&\\\",\\r\\n  \\\"                                     std::is_unsigned<T>::value) ||\\\",\\r\\n  \\\"                                     is_unsigned_int128<T>::value,\\\",\\r\\n  \\\"                                     std::true_type,\\\",\\r\\n  \\\"                                     std::false_type>::type;\\\",\\r\\n  \\\"\\\",\\r\\n  \\\"      template <class T>\\\",\\r\\n  \\\"      using to_unsigned = typename std::conditional<\\\",\\r\\n  \\\"          is_signed_int128<T>::value,\\\",\\r\\n  \\\"          make_unsigned_int128<T>,\\\",\\r\\n  \\\"          typename std::conditional<std::is_signed<T>::value,\\\",\\r\\n  \\\"                                    std::make_unsigned<T>,\\\",\\r\\n  \\\"                                    std::common_type<T>>::type>::type;\\\",\\r\\n  \\\"\\\",\\r\\n  \\\"      #else\\\",\\r\\n  \\\"      template <class T>\\\",\\r\\n  \\\"      using is_integral = typename std::is_integral<T>;\\\",\\r\\n  \\\"\\\",\\r\\n  \\\"      template <class T>\\\",\\r\\n  \\\"      using is_signed_int =\\\",\\r\\n  \\\"          typename std::conditional<is_integral<T>::value && std::is_signed<T>::value,\\\",\\r\\n  \\\"                                    std::true_type,\\\",\\r\\n  \\\"                                    std::false_type>::type;\\\",\\r\\n  \\\"\\\",\\r\\n  \\\"      template <class T>\\\",\\r\\n  \\\"      using is_unsigned_int =\\\",\\r\\n  \\\"          typename std::conditional<is_integral<T>::value &&\\\",\\r\\n  \\\"                                        std::is_unsigned<T>::value,\\\",\\r\\n  \\\"                                    std::true_type,\\\",\\r\\n  \\\"                                    std::false_type>::type;\\\",\\r\\n  \\\"\\\",\\r\\n  \\\"      template <class T>\\\",\\r\\n  \\\"      using to_unsigned = typename std::conditional<is_signed_int<T>::value,\\\",\\r\\n  \\\"                                                    std::make_unsigned<T>,\\\",\\r\\n  \\\"                                                    std::common_type<T>>::type;\\\",\\r\\n  \\\"      #endif\\\",\\r\\n  \\\"\\\",\\r\\n  \\\"      template <class T>\\\",\\r\\n  \\\"      using is_signed_int_t = std::enable_if_t<is_signed_int<T>::value>;\\\",\\r\\n  \\\"\\\",\\r\\n  \\\"      template <class T>\\\",\\r\\n  \\\"      using is_unsigned_int_t = std::enable_if_t<is_unsigned_int<T>::value>;\\\",\\r\\n  \\\"\\\",\\r\\n  \\\"      template <class T>\\\",\\r\\n  \\\"      using to_unsigned_t = typename to_unsigned<T>::type;\\\",\\r\\n  \\\"   } // namespace internal\\\",\\r\\n  \\\"} // namespace atcoder\\\",\\r\\n  \\\"#endif // ATCODER_INTERNAL_TYPE_TRAITS_HPP\\\",\\r\\n  \\\"\\\",\\r\\n  \\\"namespace atcoder {\\\",\\r\\n  \\\"   namespace internal {\\\",\\r\\n  \\\"      struct modint_base\\\",\\r\\n  \\\"      {\\\",\\r\\n  \\\"      };\\\",\\r\\n  \\\"      struct static_modint_base : modint_base\\\",\\r\\n  \\\"      {\\\",\\r\\n  \\\"      };\\\",\\r\\n  \\\"\\\",\\r\\n  \\\"      template <class T>\\\",\\r\\n  \\\"      using is_modint = std::is_base_of<modint_base, T>;\\\",\\r\\n  \\\"      template <class T>\\\",\\r\\n  \\\"      using is_modint_t = std::enable_if_t<is_modint<T>::value>;\\\",\\r\\n  \\\"   } // namespace internal\\\",\\r\\n  \\\"\\\",\\r\\n  \\\"   template <int m, std::enable_if_t<(1 <= m)> * = nullptr>\\\",\\r\\n  \\\"   struct static_modint : internal::static_modint_base {\\\",\\r\\n  \\\"      using mint = static_modint;\\\",\\r\\n  \\\"\\\",\\r\\n  \\\"   public:\\\",\\r\\n  \\\"      static constexpr int mod() { return m; }\\\",\\r\\n  \\\"      static mint raw(int v) {\\\",\\r\\n  \\\"         mint x;\\\",\\r\\n  \\\"         x._v = v;\\\",\\r\\n  \\\"         return x;\\\",\\r\\n  \\\"      }\\\",\\r\\n  \\\"\\\",\\r\\n  \\\"      static_modint() : _v(0) {}\\\",\\r\\n  \\\"      template <class T, internal::is_signed_int_t<T> * = nullptr>\\\",\\r\\n  \\\"      static_modint(T v)\\\",\\r\\n  \\\"      {\\\",\\r\\n  \\\"         long long x = (long long)(v % (long long)(umod()));\\\",\\r\\n  \\\"         if (x < 0)\\\",\\r\\n  \\\"            x += umod();\\\",\\r\\n  \\\"         _v = (unsigned int)(x);\\\",\\r\\n  \\\"      }\\\",\\r\\n  \\\"      template <class T, internal::is_unsigned_int_t<T> * = nullptr>\\\",\\r\\n  \\\"      static_modint(T v)\\\",\\r\\n  \\\"      {\\\",\\r\\n  \\\"         _v = (unsigned int)(v % umod());\\\",\\r\\n  \\\"      }\\\",\\r\\n  \\\"\\\",\\r\\n  \\\"      unsigned int val() const { return _v; }\\\",\\r\\n  \\\"\\\",\\r\\n  \\\"      mint &operator++()\\\",\\r\\n  \\\"      {\\\",\\r\\n  \\\"         _v++;\\\",\\r\\n  \\\"         if (_v == umod())\\\",\\r\\n  \\\"            _v = 0;\\\",\\r\\n  \\\"         return *this;\\\",\\r\\n  \\\"      }\\\",\\r\\n  \\\"      mint &operator--()\\\",\\r\\n  \\\"      {\\\",\\r\\n  \\\"         if (_v == 0)\\\",\\r\\n  \\\"            _v = umod();\\\",\\r\\n  \\\"         _v--;\\\",\\r\\n  \\\"         return *this;\\\",\\r\\n  \\\"      }\\\",\\r\\n  \\\"      mint operator++(int)\\\",\\r\\n  \\\"      {\\\",\\r\\n  \\\"         mint result = *this;\\\",\\r\\n  \\\"         ++*this;\\\",\\r\\n  \\\"         return result;\\\",\\r\\n  \\\"      }\\\",\\r\\n  \\\"      mint operator--(int)\\\",\\r\\n  \\\"      {\\\",\\r\\n  \\\"         mint result = *this;\\\",\\r\\n  \\\"         --*this;\\\",\\r\\n  \\\"         return result;\\\",\\r\\n  \\\"      }\\\",\\r\\n  \\\"\\\",\\r\\n  \\\"      mint &operator+=(const mint &rhs)\\\",\\r\\n  \\\"      {\\\",\\r\\n  \\\"         _v += rhs._v;\\\",\\r\\n  \\\"         if (_v >= umod())\\\",\\r\\n  \\\"            _v -= umod();\\\",\\r\\n  \\\"         return *this;\\\",\\r\\n  \\\"      }\\\",\\r\\n  \\\"      mint &operator-=(const mint &rhs)\\\",\\r\\n  \\\"      {\\\",\\r\\n  \\\"         _v -= rhs._v;\\\",\\r\\n  \\\"         if (_v >= umod())\\\",\\r\\n  \\\"            _v += umod();\\\",\\r\\n  \\\"         return *this;\\\",\\r\\n  \\\"      }\\\",\\r\\n  \\\"      mint &operator*=(const mint &rhs)\\\",\\r\\n  \\\"      {\\\",\\r\\n  \\\"         unsigned long long z = _v;\\\",\\r\\n  \\\"         z *= rhs._v;\\\",\\r\\n  \\\"         _v = (unsigned int)(z % umod());\\\",\\r\\n  \\\"         return *this;\\\",\\r\\n  \\\"      }\\\",\\r\\n  \\\"      mint &operator/=(const mint &rhs) { return *this = *this * rhs.inv(); }\\\",\\r\\n  \\\"\\\",\\r\\n  \\\"      mint operator+() const { return *this; }\\\",\\r\\n  \\\"      mint operator-() const { return mint() - *this; }\\\",\\r\\n  \\\"\\\",\\r\\n  \\\"      mint pow(long long n) const\\\",\\r\\n  \\\"      {\\\",\\r\\n  \\\"         assert(0 <= n);\\\",\\r\\n  \\\"         mint x = *this, r = 1;\\\",\\r\\n  \\\"         while (n) {\\\",\\r\\n  \\\"            if (n & 1)\\\",\\r\\n  \\\"               r *= x;\\\",\\r\\n  \\\"            x *= x;\\\",\\r\\n  \\\"            n >>= 1;\\\",\\r\\n  \\\"         }\\\",\\r\\n  \\\"         return r;\\\",\\r\\n  \\\"      }\\\",\\r\\n  \\\"      mint inv() const\\\",\\r\\n  \\\"      {\\\",\\r\\n  \\\"         if (prime) {\\\",\\r\\n  \\\"            assert(_v);\\\",\\r\\n  \\\"            return pow(umod() - 2);\\\",\\r\\n  \\\"         } else {\\\",\\r\\n  \\\"            auto eg = internal::inv_gcd(_v, m);\\\",\\r\\n  \\\"            assert(eg.first == 1);\\\",\\r\\n  \\\"            return eg.second;\\\",\\r\\n  \\\"         }\\\",\\r\\n  \\\"      }\\\",\\r\\n  \\\"\\\",\\r\\n  \\\"      friend mint operator+(const mint &lhs, const mint &rhs)\\\",\\r\\n  \\\"      {\\\",\\r\\n  \\\"         return mint(lhs) += rhs;\\\",\\r\\n  \\\"      }\\\",\\r\\n  \\\"      friend mint operator-(const mint &lhs, const mint &rhs)\\\",\\r\\n  \\\"      {\\\",\\r\\n  \\\"         return mint(lhs) -= rhs;\\\",\\r\\n  \\\"      }\\\",\\r\\n  \\\"      friend mint operator*(const mint &lhs, const mint &rhs)\\\",\\r\\n  \\\"      {\\\",\\r\\n  \\\"         return mint(lhs) *= rhs;\\\",\\r\\n  \\\"      }\\\",\\r\\n  \\\"      friend mint operator/(const mint &lhs, const mint &rhs)\\\",\\r\\n  \\\"      {\\\",\\r\\n  \\\"         return mint(lhs) /= rhs;\\\",\\r\\n  \\\"      }\\\",\\r\\n  \\\"      friend bool operator==(const mint &lhs, const mint &rhs)\\\",\\r\\n  \\\"      {\\\",\\r\\n  \\\"         return lhs._v == rhs._v;\\\",\\r\\n  \\\"      }\\\",\\r\\n  \\\"      friend bool operator!=(const mint &lhs, const mint &rhs)\\\",\\r\\n  \\\"      {\\\",\\r\\n  \\\"         return lhs._v != rhs._v;\\\",\\r\\n  \\\"      }\\\",\\r\\n  \\\"\\\",\\r\\n  \\\"   private:\\\",\\r\\n  \\\"      unsigned int _v;\\\",\\r\\n  \\\"      static constexpr unsigned int umod() { return m; }\\\",\\r\\n  \\\"      static constexpr bool prime = internal::is_prime<m>;\\\",\\r\\n  \\\"   };\\\",\\r\\n  \\\"\\\",\\r\\n  \\\"   template <int id>\\\",\\r\\n  \\\"   struct dynamic_modint : internal::modint_base {\\\",\\r\\n  \\\"      using mint = dynamic_modint;\\\",\\r\\n  \\\"\\\",\\r\\n  \\\"   public:\\\",\\r\\n  \\\"      static int mod() { return (int)(bt.umod()); }\\\",\\r\\n  \\\"      static void set_mod(int m)\\\",\\r\\n  \\\"      {\\\",\\r\\n  \\\"         assert(1 <= m);\\\",\\r\\n  \\\"         bt = internal::barrett(m);\\\",\\r\\n  \\\"      }\\\",\\r\\n  \\\"      static mint raw(int v)\\\",\\r\\n  \\\"      {\\\",\\r\\n  \\\"         mint x;\\\",\\r\\n  \\\"         x._v = v;\\\",\\r\\n  \\\"         return x;\\\",\\r\\n  \\\"      }\\\",\\r\\n  \\\"\\\",\\r\\n  \\\"      dynamic_modint() : _v(0) {}\\\",\\r\\n  \\\"      template <class T, internal::is_signed_int_t<T> * = nullptr>\\\",\\r\\n  \\\"      dynamic_modint(T v) {\\\",\\r\\n  \\\"         long long x = (long long)(v % (long long)(mod()));\\\",\\r\\n  \\\"         if (x < 0)\\\",\\r\\n  \\\"            x += mod();\\\",\\r\\n  \\\"         _v = (unsigned int)(x);\\\",\\r\\n  \\\"      }\\\",\\r\\n  \\\"      template <class T, internal::is_unsigned_int_t<T> * = nullptr>\\\",\\r\\n  \\\"      dynamic_modint(T v) {\\\",\\r\\n  \\\"         _v = (unsigned int)(v % mod());\\\",\\r\\n  \\\"      }\\\",\\r\\n  \\\"\\\",\\r\\n  \\\"      unsigned int val() const { return _v; }\\\",\\r\\n  \\\"\\\",\\r\\n  \\\"      mint &operator++()\\\",\\r\\n  \\\"      {\\\",\\r\\n  \\\"         _v++;\\\",\\r\\n  \\\"         if (_v == umod())\\\",\\r\\n  \\\"            _v = 0;\\\",\\r\\n  \\\"         return *this;\\\",\\r\\n  \\\"      }\\\",\\r\\n  \\\"      mint &operator--()\\\",\\r\\n  \\\"      {\\\",\\r\\n  \\\"         if (_v == 0)\\\",\\r\\n  \\\"            _v = umod();\\\",\\r\\n  \\\"         _v--;\\\",\\r\\n  \\\"         return *this;\\\",\\r\\n  \\\"      }\\\",\\r\\n  \\\"      mint operator++(int)\\\",\\r\\n  \\\"      {\\\",\\r\\n  \\\"         mint result = *this;\\\",\\r\\n  \\\"         ++*this;\\\",\\r\\n  \\\"         return result;\\\",\\r\\n  \\\"      }\\\",\\r\\n  \\\"      mint operator--(int)\\\",\\r\\n  \\\"      {\\\",\\r\\n  \\\"         mint result = *this;\\\",\\r\\n  \\\"         --*this;\\\",\\r\\n  \\\"         return result;\\\",\\r\\n  \\\"      }\\\",\\r\\n  \\\"\\\",\\r\\n  \\\"      mint &operator+=(const mint &rhs)\\\",\\r\\n  \\\"      {\\\",\\r\\n  \\\"         _v += rhs._v;\\\",\\r\\n  \\\"         if (_v >= umod())\\\",\\r\\n  \\\"            _v -= umod();\\\",\\r\\n  \\\"         return *this;\\\",\\r\\n  \\\"      }\\\",\\r\\n  \\\"      mint &operator-=(const mint &rhs)\\\",\\r\\n  \\\"      {\\\",\\r\\n  \\\"         _v += mod() - rhs._v;\\\",\\r\\n  \\\"         if (_v >= umod())\\\",\\r\\n  \\\"            _v -= umod();\\\",\\r\\n  \\\"         return *this;\\\",\\r\\n  \\\"      }\\\",\\r\\n  \\\"      mint &operator*=(const mint &rhs)\\\",\\r\\n  \\\"      {\\\",\\r\\n  \\\"         _v = bt.mul(_v, rhs._v);\\\",\\r\\n  \\\"         return *this;\\\",\\r\\n  \\\"      }\\\",\\r\\n  \\\"      mint &operator/=(const mint &rhs) { return *this = *this * rhs.inv(); }\\\",\\r\\n  \\\"\\\",\\r\\n  \\\"      mint operator+() const { return *this; }\\\",\\r\\n  \\\"      mint operator-() const { return mint() - *this; }\\\",\\r\\n  \\\"\\\",\\r\\n  \\\"      mint pow(long long n) const {\\\",\\r\\n  \\\"         assert(0 <= n);\\\",\\r\\n  \\\"         mint x = *this, r = 1;\\\",\\r\\n  \\\"         while (n) {\\\",\\r\\n  \\\"            if (n & 1)\\\",\\r\\n  \\\"               r *= x;\\\",\\r\\n  \\\"            x *= x;\\\",\\r\\n  \\\"            n >>= 1;\\\",\\r\\n  \\\"         }\\\",\\r\\n  \\\"         return r;\\\",\\r\\n  \\\"      }\\\",\\r\\n  \\\"      mint inv() const {\\\",\\r\\n  \\\"         auto eg = internal::inv_gcd(_v, mod());\\\",\\r\\n  \\\"         assert(eg.first == 1);\\\",\\r\\n  \\\"         return eg.second;\\\",\\r\\n  \\\"      }\\\",\\r\\n  \\\"\\\",\\r\\n  \\\"      friend mint operator+(const mint &lhs, const mint &rhs)\\\",\\r\\n  \\\"      {\\\",\\r\\n  \\\"         return mint(lhs) += rhs;\\\",\\r\\n  \\\"      }\\\",\\r\\n  \\\"      friend mint operator-(const mint &lhs, const mint &rhs)\\\",\\r\\n  \\\"      {\\\",\\r\\n  \\\"         return mint(lhs) -= rhs;\\\",\\r\\n  \\\"      }\\\",\\r\\n  \\\"      friend mint operator*(const mint &lhs, const mint &rhs)\\\",\\r\\n  \\\"      {\\\",\\r\\n  \\\"         return mint(lhs) *= rhs;\\\",\\r\\n  \\\"      }\\\",\\r\\n  \\\"      friend mint operator/(const mint &lhs, const mint &rhs)\\\",\\r\\n  \\\"      {\\\",\\r\\n  \\\"         return mint(lhs) /= rhs;\\\",\\r\\n  \\\"      }\\\",\\r\\n  \\\"      friend bool operator==(const mint &lhs, const mint &rhs)\\\",\\r\\n  \\\"      {\\\",\\r\\n  \\\"         return lhs._v == rhs._v;\\\",\\r\\n  \\\"      }\\\",\\r\\n  \\\"      friend bool operator!=(const mint &lhs, const mint &rhs)\\\",\\r\\n  \\\"      {\\\",\\r\\n  \\\"         return lhs._v != rhs._v;\\\",\\r\\n  \\\"      }\\\",\\r\\n  \\\"\\\",\\r\\n  \\\"   private:\\\",\\r\\n  \\\"      unsigned int _v;\\\",\\r\\n  \\\"      static internal::barrett bt;\\\",\\r\\n  \\\"      static unsigned int umod() { return bt.umod(); }\\\",\\r\\n  \\\"   };\\\",\\r\\n  \\\"   template <int id>\\\",\\r\\n  \\\"   internal::barrett dynamic_modint<id>::bt = 998244353;\\\",\\r\\n  \\\"\\\",\\r\\n  \\\"   using modint998244353 = static_modint<998244353>;\\\",\\r\\n  \\\"   using modint1000000007 = static_modint<1000000007>;\\\",\\r\\n  \\\"   using modint = dynamic_modint<-1>;\\\",\\r\\n  \\\"\\\",\\r\\n  \\\"   namespace internal {\\\",\\r\\n  \\\"      template <class T>\\\",\\r\\n  \\\"      using is_static_modint = std::is_base_of<internal::static_modint_base, T>;\\\",\\r\\n  \\\"\\\",\\r\\n  \\\"      template <class T>\\\",\\r\\n  \\\"      using is_static_modint_t = std::enable_if_t<is_static_modint<T>::value>;\\\",\\r\\n  \\\"\\\",\\r\\n  \\\"      template <class>\\\",\\r\\n  \\\"      struct is_dynamic_modint : public std::false_type\\\",\\r\\n  \\\"      {\\\",\\r\\n  \\\"      };\\\",\\r\\n  \\\"      template <int id>\\\",\\r\\n  \\\"      struct is_dynamic_modint<dynamic_modint<id>> : public std::true_type\\\",\\r\\n  \\\"      {\\\",\\r\\n  \\\"      };\\\",\\r\\n  \\\"\\\",\\r\\n  \\\"      template <class T>\\\",\\r\\n  \\\"      using is_dynamic_modint_t = std::enable_if_t<is_dynamic_modint<T>::value>;\\\",\\r\\n  \\\"   } // namespace internal\\\",\\r\\n  \\\"} // namespace atcoder\\\",\\r\\n  \\\"#endif // ATCODER_MODINT_HPP\\\",\\r\\n  \\\"\\\",\\r\\n  \\\"namespace atcoder {\\\",\\r\\n  \\\"   namespace internal    {\\\",\\r\\n  \\\"      template <class mint, internal::is_static_modint_t<mint> * = nullptr>\\\",\\r\\n  \\\"      void butterfly(std::vector<mint> &a) {\\\",\\r\\n  \\\"         static constexpr int g = internal::primitive_root<mint::mod()>;\\\",\\r\\n  \\\"         int n = int(a.size());\\\",\\r\\n  \\\"         int h = internal::ceil_pow2(n);\\\",\\r\\n  \\\"\\\",\\r\\n  \\\"         static bool first = true;\\\",\\r\\n  \\\"         static mint sum_e[30]; // sum_e[i] = ies[0] * ... * ies[i - 1] * es[i]\\\",\\r\\n  \\\"         if (first) {\\\",\\r\\n  \\\"            first = false;\\\",\\r\\n  \\\"            mint es[30], ies[30]; // es[i]^(2^(2+i)) == 1\\\",\\r\\n  \\\"            int cnt2 = bsf(mint::mod() - 1);\\\",\\r\\n  \\\"            mint e = mint(g).pow((mint::mod() - 1) >> cnt2), ie = e.inv();\\\",\\r\\n  \\\"            for (int i = cnt2; i >= 2; i--) {\\\",\\r\\n  \\\"               // e^(2^i) == 1\\\",\\r\\n  \\\"               es[i - 2] = e;\\\",\\r\\n  \\\"               ies[i - 2] = ie;\\\",\\r\\n  \\\"               e *= e;\\\",\\r\\n  \\\"               ie *= ie;\\\",\\r\\n  \\\"            }\\\",\\r\\n  \\\"            mint now = 1;\\\",\\r\\n  \\\"            for (int i = 0; i <= cnt2 - 2; i++) {\\\",\\r\\n  \\\"               sum_e[i] = es[i] * now;\\\",\\r\\n  \\\"               now *= ies[i];\\\",\\r\\n  \\\"            }\\\",\\r\\n  \\\"         }\\\",\\r\\n  \\\"         for (int ph = 1; ph <= h; ph++) {\\\",\\r\\n  \\\"            int w = 1 << (ph - 1), p = 1 << (h - ph);\\\",\\r\\n  \\\"            mint now = 1;\\\",\\r\\n  \\\"            for (int s = 0; s < w; s++) {\\\",\\r\\n  \\\"               int offset = s << (h - ph + 1);\\\",\\r\\n  \\\"               for (int i = 0; i < p; i++) {\\\",\\r\\n  \\\"                  auto l = a[i + offset];\\\",\\r\\n  \\\"                  auto r = a[i + offset + p] * now;\\\",\\r\\n  \\\"                  a[i + offset] = l + r;\\\",\\r\\n  \\\"                  a[i + offset + p] = l - r;\\\",\\r\\n  \\\"               }\\\",\\r\\n  \\\"               now *= sum_e[bsf(~(unsigned int)(s))];\\\",\\r\\n  \\\"            }\\\",\\r\\n  \\\"         }\\\",\\r\\n  \\\"      }\\\",\\r\\n  \\\"\\\",\\r\\n  \\\"      template <class mint, internal::is_static_modint_t<mint> * = nullptr>\\\",\\r\\n  \\\"      void butterfly_inv(std::vector<mint> &a) {\\\",\\r\\n  \\\"         static constexpr int g = internal::primitive_root<mint::mod()>;\\\",\\r\\n  \\\"         int n = int(a.size());\\\",\\r\\n  \\\"         int h = internal::ceil_pow2(n);\\\",\\r\\n  \\\"\\\",\\r\\n  \\\"         static bool first = true;\\\",\\r\\n  \\\"         static mint sum_ie[30]; // sum_ie[i] = es[0] * ... * es[i - 1] * ies[i]\\\",\\r\\n  \\\"         if (first) {\\\",\\r\\n  \\\"            first = false;\\\",\\r\\n  \\\"            mint es[30], ies[30]; // es[i]^(2^(2+i)) == 1\\\",\\r\\n  \\\"            int cnt2 = bsf(mint::mod() - 1);\\\",\\r\\n  \\\"            mint e = mint(g).pow((mint::mod() - 1) >> cnt2), ie = e.inv();\\\",\\r\\n  \\\"            for (int i = cnt2; i >= 2; i--) {\\\",\\r\\n  \\\"               // e^(2^i) == 1\\\",\\r\\n  \\\"               es[i - 2] = e;\\\",\\r\\n  \\\"               ies[i - 2] = ie;\\\",\\r\\n  \\\"               e *= e;\\\",\\r\\n  \\\"               ie *= ie;\\\",\\r\\n  \\\"            }\\\",\\r\\n  \\\"            mint now = 1;\\\",\\r\\n  \\\"            for (int i = 0; i <= cnt2 - 2; i++) {\\\",\\r\\n  \\\"               sum_ie[i] = ies[i] * now;\\\",\\r\\n  \\\"               now *= es[i];\\\",\\r\\n  \\\"            }\\\",\\r\\n  \\\"         }\\\",\\r\\n  \\\"\\\",\\r\\n  \\\"         for (int ph = h; ph >= 1; ph--) {\\\",\\r\\n  \\\"            int w = 1 << (ph - 1), p = 1 << (h - ph);\\\",\\r\\n  \\\"            mint inow = 1;\\\",\\r\\n  \\\"            for (int s = 0; s < w; s++) {\\\",\\r\\n  \\\"               int offset = s << (h - ph + 1);\\\",\\r\\n  \\\"               for (int i = 0; i < p; i++) {\\\",\\r\\n  \\\"                  auto l = a[i + offset];\\\",\\r\\n  \\\"                  auto r = a[i + offset + p];\\\",\\r\\n  \\\"                  a[i + offset] = l + r;\\\",\\r\\n  \\\"                  a[i + offset + p] =\\\",\\r\\n  \\\"                      (unsigned long long)(mint::mod() + l.val() - r.val()) *\\\",\\r\\n  \\\"                      inow.val();\\\",\\r\\n  \\\"               }\\\",\\r\\n  \\\"               inow *= sum_ie[bsf(~(unsigned int)(s))];\\\",\\r\\n  \\\"            }\\\",\\r\\n  \\\"         }\\\",\\r\\n  \\\"      }\\\",\\r\\n  \\\"   } // namespace internal\\\",\\r\\n  \\\"\\\",\\r\\n  \\\"   template <class mint, internal::is_static_modint_t<mint> * = nullptr>\\\",\\r\\n  \\\"   std::vector<mint> convolution(std::vector<mint> a, std::vector<mint> b)\\\",\\r\\n  \\\"   {\\\",\\r\\n  \\\"      int n = int(a.size()), m = int(b.size());\\\",\\r\\n  \\\"      if (!n || !m)\\\",\\r\\n  \\\"         return {};\\\",\\r\\n  \\\"      if (std::min(n, m) <= 60) {\\\",\\r\\n  \\\"         if (n < m) {\\\",\\r\\n  \\\"            std::swap(n, m);\\\",\\r\\n  \\\"            std::swap(a, b);\\\",\\r\\n  \\\"         }\\\",\\r\\n  \\\"         std::vector<mint> ans(n + m - 1);\\\",\\r\\n  \\\"         for (int i = 0; i < n; i++) {\\\",\\r\\n  \\\"            for (int j = 0; j < m; j++) {\\\",\\r\\n  \\\"               ans[i + j] += a[i] * b[j];\\\",\\r\\n  \\\"            }\\\",\\r\\n  \\\"         }\\\",\\r\\n  \\\"         return ans;\\\",\\r\\n  \\\"      }\\\",\\r\\n  \\\"      int z = 1 << internal::ceil_pow2(n + m - 1);\\\",\\r\\n  \\\"      a.resize(z);\\\",\\r\\n  \\\"      internal::butterfly(a);\\\",\\r\\n  \\\"      b.resize(z);\\\",\\r\\n  \\\"      internal::butterfly(b);\\\",\\r\\n  \\\"      for (int i = 0; i < z; i++)\\\",\\r\\n  \\\"         a[i] *= b[i];\\\",\\r\\n  \\\"      internal::butterfly_inv(a);\\\",\\r\\n  \\\"      a.resize(n + m - 1);\\\",\\r\\n  \\\"      mint iz = mint(z).inv();\\\",\\r\\n  \\\"      for (int i = 0; i < n + m - 1; i++)\\\",\\r\\n  \\\"         a[i] *= iz;\\\",\\r\\n  \\\"      return a;\\\",\\r\\n  \\\"   }\\\",\\r\\n  \\\"\\\",\\r\\n  \\\"   template <unsigned int mod = 998244353,\\\",\\r\\n  \\\"             class T,\\\",\\r\\n  \\\"             std::enable_if_t<internal::is_integral<T>::value> * = nullptr>\\\",\\r\\n  \\\"   std::vector<T> convolution(const std::vector<T> &a, const std::vector<T> &b) {\\\",\\r\\n  \\\"      int n = int(a.size()), m = int(b.size());\\\",\\r\\n  \\\"      if (!n || !m)\\\",\\r\\n  \\\"         return {};\\\",\\r\\n  \\\"      using mint = static_modint<mod>;\\\",\\r\\n  \\\"      std::vector<mint> a2(n), b2(m);\\\",\\r\\n  \\\"      for (int i = 0; i < n; i++)\\\",\\r\\n  \\\"         a2[i] = mint(a[i]);\\\",\\r\\n  \\\"      for (int i = 0; i < m; i++)\\\",\\r\\n  \\\"         b2[i] = mint(b[i]);\\\",\\r\\n  \\\"      auto c2 = convolution(move(a2), move(b2));\\\",\\r\\n  \\\"      std::vector<T> c(n + m - 1);\\\",\\r\\n  \\\"      for (int i = 0; i < n + m - 1; i++)\\\",\\r\\n  \\\"         c[i] = c2[i].val();\\\",\\r\\n  \\\"      return c;\\\",\\r\\n  \\\"   }\\\",\\r\\n  \\\"\\\",\\r\\n  \\\"   std::vector<long long> convolution_ll(const std::vector<long long> &a,\\\",\\r\\n  \\\"                                         const std::vector<long long> &b) {\\\",\\r\\n  \\\"      int n = int(a.size()), m = int(b.size());\\\",\\r\\n  \\\"      if (!n || !m)\\\",\\r\\n  \\\"         return {};\\\",\\r\\n  \\\"\\\",\\r\\n  \\\"      static constexpr unsigned long long MOD1 = 754974721; // 2^24\\\",\\r\\n  \\\"      static constexpr unsigned long long MOD2 = 167772161; // 2^25\\\",\\r\\n  \\\"      static constexpr unsigned long long MOD3 = 469762049; // 2^26\\\",\\r\\n  \\\"      static constexpr unsigned long long M2M3 = MOD2 * MOD3;\\\",\\r\\n  \\\"      static constexpr unsigned long long M1M3 = MOD1 * MOD3;\\\",\\r\\n  \\\"      static constexpr unsigned long long M1M2 = MOD1 * MOD2;\\\",\\r\\n  \\\"      static constexpr unsigned long long M1M2M3 = MOD1 * MOD2 * MOD3;\\\",\\r\\n  \\\"\\\",\\r\\n  \\\"      static constexpr unsigned long long i1 =\\\",\\r\\n  \\\"          internal::inv_gcd(MOD2 * MOD3, MOD1).second;\\\",\\r\\n  \\\"      static constexpr unsigned long long i2 =\\\",\\r\\n  \\\"          internal::inv_gcd(MOD1 * MOD3, MOD2).second;\\\",\\r\\n  \\\"      static constexpr unsigned long long i3 =\\\",\\r\\n  \\\"          internal::inv_gcd(MOD1 * MOD2, MOD3).second;\\\",\\r\\n  \\\"\\\",\\r\\n  \\\"      auto c1 = convolution<MOD1>(a, b);\\\",\\r\\n  \\\"      auto c2 = convolution<MOD2>(a, b);\\\",\\r\\n  \\\"      auto c3 = convolution<MOD3>(a, b);\\\",\\r\\n  \\\"\\\",\\r\\n  \\\"      std::vector<long long> c(n + m - 1);\\\",\\r\\n  \\\"      for (int i = 0; i < n + m - 1; i++) {\\\",\\r\\n  \\\"         unsigned long long x = 0;\\\",\\r\\n  \\\"         x += (c1[i] * i1) % MOD1 * M2M3;\\\",\\r\\n  \\\"         x += (c2[i] * i2) % MOD2 * M1M3;\\\",\\r\\n  \\\"         x += (c3[i] * i3) % MOD3 * M1M2;\\\",\\r\\n  \\\"         // B = 2^63, -B <= x, r(real value) < B\\\",\\r\\n  \\\"         // (x, x - M, x - 2M, or x - 3M) = r (mod 2B)\\\",\\r\\n  \\\"         // r = c1[i] (mod MOD1)\\\",\\r\\n  \\\"         // focus on MOD1\\\",\\r\\n  \\\"         // r = x, x - M', x - 2M', x - 3M' (M' = M % 2^64) (mod 2B)\\\",\\r\\n  \\\"         // r = x,\\\",\\r\\n  \\\"         //     x - M' + (0 or 2B),\\\",\\r\\n  \\\"         //     x - 2M' + (0, 2B or 4B),\\\",\\r\\n  \\\"         //     x - 3M' + (0, 2B, 4B or 6B) (without mod!)\\\",\\r\\n  \\\"         // (r - x) = 0, (0)\\\",\\r\\n  \\\"         //           - M' + (0 or 2B), (1)\\\",\\r\\n  \\\"         //           -2M' + (0 or 2B or 4B), (2)\\\",\\r\\n  \\\"         //           -3M' + (0 or 2B or 4B or 6B) (3) (mod MOD1)\\\",\\r\\n  \\\"         // we checked that\\\",\\r\\n  \\\"         //   ((1) mod MOD1) mod 5 = 2\\\",\\r\\n  \\\"         //   ((2) mod MOD1) mod 5 = 3\\\",\\r\\n  \\\"         //   ((3) mod MOD1) mod 5 = 4\\\",\\r\\n  \\\"         long long diff =\\\",\\r\\n  \\\"             c1[i] - internal::safe_mod((long long)(x), (long long)(MOD1));\\\",\\r\\n  \\\"         if (diff < 0)\\\",\\r\\n  \\\"            diff += MOD1;\\\",\\r\\n  \\\"         static constexpr unsigned long long offset[5] = {\\\",\\r\\n  \\\"             0, 0, M1M2M3, 2 * M1M2M3, 3 * M1M2M3};\\\",\\r\\n  \\\"         x -= offset[diff % 5];\\\",\\r\\n  \\\"         c[i] = x;\\\",\\r\\n  \\\"      }\\\",\\r\\n  \\\"      return c;\\\",\\r\\n  \\\"   }\\\",\\r\\n  \\\"\\\",\\r\\n  \\\"   template <typename mint>\\\",\\r\\n  \\\"   std::vector<mint> convolution_threemods(const std::vector<mint> &a,\\\",\\r\\n  \\\"                                           const std::vector<mint> &b) {\\\",\\r\\n  \\\"      int n = int(a.size()), m = int(b.size());\\\",\\r\\n  \\\"      if (!n || !m)\\\",\\r\\n  \\\"         return {};\\\",\\r\\n  \\\"\\\",\\r\\n  \\\"      static constexpr unsigned long long MOD1 = 754974721; // 2^24\\\",\\r\\n  \\\"      static constexpr unsigned long long MOD2 = 167772161; // 2^25\\\",\\r\\n  \\\"      static constexpr unsigned long long MOD3 = 469762049; // 2^26\\\",\\r\\n  \\\"      __int128 M2M3 = __int128(MOD2) * MOD3;\\\",\\r\\n  \\\"      __int128 M1M3 = __int128(MOD1) * MOD3;\\\",\\r\\n  \\\"      __int128 M1M2 = __int128(MOD1) * MOD2;\\\",\\r\\n  \\\"      __int128 M1M2M3 = __int128(MOD1) * MOD2 * MOD3;\\\",\\r\\n  \\\"\\\",\\r\\n  \\\"      static constexpr unsigned long long i1 =\\\",\\r\\n  \\\"          internal::inv_gcd(MOD2 * MOD3, MOD1).second;\\\",\\r\\n  \\\"      static constexpr unsigned long long i2 =\\\",\\r\\n  \\\"          internal::inv_gcd(MOD1 * MOD3, MOD2).second;\\\",\\r\\n  \\\"      static constexpr unsigned long long i3 =\\\",\\r\\n  \\\"          internal::inv_gcd(MOD1 * MOD2, MOD3).second;\\\",\\r\\n  \\\"\\\",\\r\\n  \\\"      std::vector<long long> la(a.size());\\\",\\r\\n  \\\"      std::vector<long long> lb(b.size());\\\",\\r\\n  \\\"      for (int i = 0; i < a.size(); ++i)\\\",\\r\\n  \\\"         la[i] = a[i].val();\\\",\\r\\n  \\\"      for (int i = 0; i < b.size(); ++i)\\\",\\r\\n  \\\"         lb[i] = b[i].val();\\\",\\r\\n  \\\"      auto c1 = convolution<MOD1>(la, lb);\\\",\\r\\n  \\\"      auto c2 = convolution<MOD2>(la, lb);\\\",\\r\\n  \\\"      auto c3 = convolution<MOD3>(la, lb);\\\",\\r\\n  \\\"\\\",\\r\\n  \\\"      std::vector<mint> c(n + m - 1);\\\",\\r\\n  \\\"      for (int i = 0; i < n + m - 1; i++) {\\\",\\r\\n  \\\"         __int128 x = 0;\\\",\\r\\n  \\\"         x += (c1[i] * i1) % MOD1 * M2M3;\\\",\\r\\n  \\\"         x += (c2[i] * i2) % MOD2 * M1M3;\\\",\\r\\n  \\\"         x += (c3[i] * i3) % MOD3 * M1M2;\\\",\\r\\n  \\\"         while (x >= M1M2M3)\\\",\\r\\n  \\\"            x -= M1M2M3;\\\",\\r\\n  \\\"         x %= mint::mod();\\\",\\r\\n  \\\"         c[i] = x;\\\",\\r\\n  \\\"      }\\\",\\r\\n  \\\"      return c;\\\",\\r\\n  \\\"   }\\\",\\r\\n  \\\"}\\\",\\r\\n  \\\"#endif // ATCODER_CONVOLUTION_HPP\\\",\\r\\n  \\\"\\\",\\r\\n  \\\"#ifdef DEBUG\\\",\\r\\n  \\\"#include \\\\\\\"debug.h\\\\\\\"\\\",\\r\\n  \\\"#else\\\",\\r\\n  \\\"#define debug(...) 42\\\",\\r\\n  \\\"#endif\\\",\\r\\n  \\\"\\\",\\r\\n  \\\"#define pb   push_back\\\",\\r\\n  \\\"#define mp   make_pair\\\",\\r\\n  \\\"#define ss   second\\\",\\r\\n  \\\"#define ff   first\\\",\\r\\n  \\\"#define nl   '\\\\\\\\n'\\\",\\r\\n  \\\"\\\",\\r\\n  \\\"using namespace std;\\\",\\r\\n  \\\"using ll = long long;\\\",\\r\\n  \\\"using ull = unsigned long long;\\\",\\r\\n  \\\"using uc = unsigned char;\\\",\\r\\n  \\\"using ld = long double;\\\",\\r\\n  \\\"using str = string;\\\",\\r\\n  \\\"using mint = atcoder::modint1000000007;\\\",\\r\\n  \\\"\\\",\\r\\n  \\\"/* type format set to scanf\\\",\\r\\n  \\\"\\\\tlong long int %lld\\\",\\r\\n  \\\"\\\\tunsigned long long int %llu\\\",\\r\\n  \\\"\\\\tchar & unsigned char %c\\\",\\r\\n  \\\"\\\\tstring or read char[] %s\\\",\\r\\n  \\\"\\\\tlong double %LF\\\",\\r\\n  \\\"\\\\tdouble %lf\\\",\\r\\n  \\\"\\\\tfloat %f\\\",\\r\\n  \\\"\\\\tint %d\\\",\\r\\n  \\\"\\\\tunsigned int %u\\\",\\r\\n  \\\"*/\\\",\\r\\n  \\\"\\\",\\r\\n  \\\"// from https://codeforces.com/blog/entry/61306\\\",\\r\\n  \\\"const int MOD = 1E9 + 7, SZ = 1E6; // or any prime\\\",\\r\\n  \\\"\\\",\\r\\n  \\\"ll qp(ll a, ll b) {\\\",\\r\\n  \\\"   ll x = 1;\\\",\\r\\n  \\\"   a %= MOD;\\\",\\r\\n  \\\"   while (b) {\\\",\\r\\n  \\\"      if (b & 1)\\\",\\r\\n  \\\"         x = x * a % MOD;\\\",\\r\\n  \\\"      a = a * a % MOD;\\\",\\r\\n  \\\"      b >>= 1;\\\",\\r\\n  \\\"   }\\\",\\r\\n  \\\"   return x;\\\",\\r\\n  \\\"}\\\",\\r\\n  \\\"\\\",\\r\\n  \\\"namespace linear_seq {\\\",\\r\\n  \\\"   inline vector<int> BM(vector<int> x) {\\\",\\r\\n  \\\"      // ls: (shortest) relation sequence (after filling zeroes) so far\\\",\\r\\n  \\\"      // cur: current relation sequence\\\",\\r\\n  \\\"      vector<int> ls, cur;\\\",\\r\\n  \\\"      // lf: the position of ls (t')\\\",\\r\\n  \\\"      // ld: delta of ls (v')\\\",\\r\\n  \\\"      int lf, ld;\\\",\\r\\n  \\\"      for (int i = 0; i < int(x.size()); ++i) {\\\",\\r\\n  \\\"         ll t = 0;\\\",\\r\\n  \\\"         // evaluate at position i\\\",\\r\\n  \\\"         for (int j = 0; j < int(cur.size()); ++j)\\\",\\r\\n  \\\"            t = (t + x[i - j - 1] * (ll)cur[j]) % MOD;\\\",\\r\\n  \\\"         if ((t - x[i]) % MOD == 0)\\\",\\r\\n  \\\"            continue; // good so far\\\",\\r\\n  \\\"         // first non-zero position\\\",\\r\\n  \\\"         if (!cur.size()) {\\\",\\r\\n  \\\"            cur.resize(i + 1);\\\",\\r\\n  \\\"            lf = i;\\\",\\r\\n  \\\"            ld = (t - x[i]) % MOD;\\\",\\r\\n  \\\"            continue;\\\",\\r\\n  \\\"         }\\\",\\r\\n  \\\"         // cur=cur-c/ld*(x[i]-t)\\\",\\r\\n  \\\"         ll k = -(x[i] - t) * qp(ld, MOD - 2) % MOD /*1/ld*/;\\\",\\r\\n  \\\"         vector<int> c(i - lf - 1); // add zeroes in front\\\",\\r\\n  \\\"         c.push_back(k);\\\",\\r\\n  \\\"         for (int j = 0; j < int(ls.size()); ++j)\\\",\\r\\n  \\\"            c.push_back(-ls[j] * k % MOD);\\\",\\r\\n  \\\"         if (c.size() < cur.size())\\\",\\r\\n  \\\"            c.resize(cur.size());\\\",\\r\\n  \\\"         for (int j = 0; j < int(cur.size()); ++j)\\\",\\r\\n  \\\"            c[j] = (c[j] + cur[j]) % MOD;\\\",\\r\\n  \\\"         // if cur is better than ls, change ls to cur\\\",\\r\\n  \\\"         if (i - lf + (int)ls.size() >= (int)cur.size())\\\",\\r\\n  \\\"            ls = cur, lf = i, ld = (t - x[i]) % MOD;\\\",\\r\\n  \\\"         cur = c;\\\",\\r\\n  \\\"      }\\\",\\r\\n  \\\"      for (int i = 0; i < int(cur.size()); ++i)\\\",\\r\\n  \\\"         cur[i] = (cur[i] % MOD + MOD) % MOD;\\\",\\r\\n  \\\"      return cur;\\\",\\r\\n  \\\"   }\\\",\\r\\n  \\\"   int m; // length of recurrence\\\",\\r\\n  \\\"   // a: first terms\\\",\\r\\n  \\\"   // h: relation\\\",\\r\\n  \\\"   ll a[SZ], h[SZ], t_[SZ], s[SZ], t[SZ];\\\",\\r\\n  \\\"   // calculate p*q mod f\\\",\\r\\n  \\\"   inline void mull(ll *p, ll *q) {\\\",\\r\\n  \\\"      for (int i = 0; i < m + m; ++i)\\\",\\r\\n  \\\"         t_[i] = 0;\\\",\\r\\n  \\\"      for (int i = 0; i < m; ++i)\\\",\\r\\n  \\\"         if (p[i])\\\",\\r\\n  \\\"            for (int j = 0; j < m; ++j)\\\",\\r\\n  \\\"               t_[i + j] = (t_[i + j] + p[i] * q[j]) % MOD;\\\",\\r\\n  \\\"      for (int i = m + m - 1; i >= m; --i)\\\",\\r\\n  \\\"         if (t_[i])\\\",\\r\\n  \\\"            // miuns t_[i]x^{i-m}(x^m-\\\\\\\\sum_{j=0}^{m-1} x^{m-j-1}h_j)\\\",\\r\\n  \\\"            for (int j = m - 1; ~j; --j)\\\",\\r\\n  \\\"               t_[i - j - 1] = (t_[i - j - 1] + t_[i] * h[j]) % MOD;\\\",\\r\\n  \\\"      for (int i = 0; i < m; ++i)\\\",\\r\\n  \\\"         p[i] = t_[i];\\\",\\r\\n  \\\"   }\\\",\\r\\n  \\\"   inline ll calc(ll K) {\\\",\\r\\n  \\\"      for (int i = m; ~i; --i)\\\",\\r\\n  \\\"         s[i] = t[i] = 0;\\\",\\r\\n  \\\"      // init\\\",\\r\\n  \\\"      s[0] = 1;\\\",\\r\\n  \\\"      if (m != 1)\\\",\\r\\n  \\\"         t[1] = 1;\\\",\\r\\n  \\\"      else\\\",\\r\\n  \\\"         t[0] = h[0];\\\",\\r\\n  \\\"      // binary-exponentiation\\\",\\r\\n  \\\"      while (K) {\\\",\\r\\n  \\\"         if (K & 1)\\\",\\r\\n  \\\"            mull(s, t);\\\",\\r\\n  \\\"         mull(t, t);\\\",\\r\\n  \\\"         K >>= 1;\\\",\\r\\n  \\\"      }\\\",\\r\\n  \\\"      ll su = 0;\\\",\\r\\n  \\\"      for (int i = 0; i < m; ++i)\\\",\\r\\n  \\\"         su = (su + s[i] * a[i]) % MOD;\\\",\\r\\n  \\\"      return (su % MOD + MOD) % MOD;\\\",\\r\\n  \\\"   }\\\",\\r\\n  \\\"   inline int work(vector<int> x, ll n) {\\\",\\r\\n  \\\"      if (n < int(x.size()))\\\",\\r\\n  \\\"         return x[n];\\\",\\r\\n  \\\"      vector<int> v = BM(x);\\\",\\r\\n  \\\"      m = v.size();\\\",\\r\\n  \\\"      if (!m)\\\",\\r\\n  \\\"         return 0;\\\",\\r\\n  \\\"      cerr << \\\\\\\"m=\\\\\\\" << m << endl;\\\",\\r\\n  \\\"      for (int i = 0; i < m; ++i)\\\",\\r\\n  \\\"         h[i] = v[i], a[i] = x[i];\\\",\\r\\n  \\\"      return calc(n);\\\",\\r\\n  \\\"   }\\\",\\r\\n  \\\"}\\\",\\r\\n  \\\"\\\",\\r\\n  \\\"/* Here begins what you want to see */\\\",\\r\\n  \\\"class Solve${TM_FILENAME_BASE} {\\\",\\r\\n  \\\"public:\\\",\\r\\n  \\\"\\\\t$2\\\\n\\\",\\r\\n  \\\"\\\\tvoid solution() {\\\",\\r\\n  \\\"\\\\t}\\\",\\r\\n  \\\"};\\\\n\\\",\\r\\n  \\\"int main() {\\\",\\r\\n  \\\"\\\\tios::sync_with_stdio(false);\\\",\\r\\n  \\\"\\\\tcin.tie(0); cout.tie(0);\\\",\\r\\n  \\\"\\\\tSolve${TM_FILENAME_BASE} in;\\\",\\r\\n  \\\"\\\\tint T = 1;\\\",\\r\\n  \\\"\\\\tcin >> T;$1\\\",\\r\\n  \\\"#ifdef LOCAL\\\",\\r\\n  \\\"\\\\tfor (int i = 1; i <= T; i++) {\\\",\\r\\n  \\\"\\\\t\\\\tcout << \\\\\\\"Case #\\\\\\\" << i << \\\\\\\":\\\\\\\\n\\\\\\\";\\\",\\r\\n  \\\"\\\\t\\\\tin.solution();\\\",\\r\\n  \\\"\\\\t}\\\",\\r\\n  \\\"#else\\\",\\r\\n  \\\"\\\\twhile (T--) in.solution();\\\",\\r\\n  \\\"#endif\\\",\\r\\n  \\\"}\\\"\\r\\n  ],\\r\\n  \\\"description\\\": \\\"Plantilla del competidor avanzado Petr\\\"\\r\\n  }\\r\\n}\",\"java.json\":\"{ // @author josuerom\\n  \\\"System.out.print()\\\": {\\n  \\\"prefix\\\": \\\"s\\\",\\n  \\\"body\\\": [\\n  \\\"System.out.print($1);\\\"\\n  ]\\n  },\\n  \\\"System.out.println()\\\": {\\n  \\\"prefix\\\": \\\"ss\\\",\\n  \\\"body\\\": [\\n  \\\"System.out.println($1);\\\"\\n  ]\\n  },\\n  \\\"System.out.prinf()\\\": {\\n  \\\"prefix\\\": \\\"sf\\\",\\n  \\\"body\\\": [\\n  \\\"System.out.printf(\\\\\\\"%$1\\\\\\\", $2);\\\"\\n  ]\\n  },\\n  \\\"System ternary operator\\\": {\\n  \\\"prefix\\\": \\\"sot\\\",\\n  \\\"body\\\": [\\n  \\\"System.out.println($1 ? $2 : $3);\\\"\\n  ]\\n  },\\n  \\\"System veredict Y/N\\\": {\\n  \\\"prefix\\\": \\\"soutv1\\\",\\n  \\\"body\\\": [\\n  \\\"System.out.println($1 ? \\\\\\\"YES\\\\\\\" : \\\\\\\"NO\\\\\\\");\\\"\\n  ]\\n  },\\n  \\\"System veredict y/n\\\": {\\n  \\\"prefix\\\": \\\"soutv2\\\",\\n  \\\"body\\\": [\\n  \\\"System.out.println($1 ? \\\\\\\"yes\\\\\\\" : \\\\\\\"no\\\\\\\");\\\"\\n  ]\\n  },\\n  \\\"pw.print()\\\": {\\n  \\\"prefix\\\": \\\"p\\\",\\n  \\\"body\\\": [\\n  \\\"io.print($1);\\\"\\n  ]\\n  },\\n  \\\"pw.println()\\\": {\\n  \\\"prefix\\\": \\\"pp\\\",\\n  \\\"body\\\": [\\n  \\\"io.println($1);\\\"\\n  ]\\n  },\\n  \\\"print ternary operator\\\": {\\n  \\\"prefix\\\": \\\"ppt\\\",\\n  \\\"body\\\": [\\n  \\\"io.println($1 ? $2 : $3);\\\"\\n  ]\\n  },\\n  \\\"print veredict Y/N\\\": {\\n  \\\"prefix\\\": \\\"ppv1\\\",\\n  \\\"body\\\": [\\n  \\\"io.println($1 ? \\\\\\\"YES\\\\\\\" : \\\\\\\"NO\\\\\\\");\\\"\\n  ]\\n  },\\n  \\\"print veredict y/n\\\": {\\n  \\\"prefix\\\": \\\"ppv2\\\",\\n  \\\"body\\\": [\\n  \\\"io.println($1 ? \\\\\\\"yes\\\\\\\" : \\\\\\\"no\\\\\\\");\\\"\\n  ]\\n  },\\n  \\\"pw.printf()\\\": {\\n  \\\"prefix\\\": \\\"pf\\\",\\n  \\\"body\\\": [\\n  \\\"io.printf(\\\\\\\"%d$1\\\\\\\\n\\\\\\\", $2);\\\"\\n  ]\\n  },\\n  \\\"assing ternary operator\\\": {\\n  \\\"prefix\\\": \\\"ato\\\",\\n  \\\"body\\\": [\\n  \\\"${1:int} $2 = ($3) ? $4 : $5;\\\"\\n  ]\\n  },\\n  \\\"Scanner sc = new Scanner(System.in)\\\": {\\n  \\\"prefix\\\": \\\"sc\\\",\\n  \\\"body\\\": [\\n  \\\"Scanner sc = new Scanner(System.in);$1\\\"\\n  ]\\n  },\\n  \\\"main() method\\\": {\\n  \\\"prefix\\\": \\\"main\\\",\\n  \\\"body\\\": [\\n  \\\"public static void main(String[] args) {\\\",\\n  \\\"\\\\t$1\\\",\\n  \\\"}\\\"\\n  ]\\n  },\\n  \\\"public static void nameMethod\\\": {\\n    \\\"prefix\\\": \\\"psv\\\",\\n    \\\"body\\\": [\\n      \\\"public static void ${1:nameMethod}($2) {\\\",\\n      \\\"}\\\"\\n    ]\\n  },\\n  \\\"solve() method\\\": {\\n  \\\"prefix\\\": \\\"fsol\\\",\\n  \\\"body\\\": [\\n  \\\"public static ${1:void} solve($2) {\\\",\\n  \\\"}\\\"\\n  ]\\n  },\\n  \\\"funtion precalculate\\\": {\\n  \\\"prefix\\\": \\\"fpre\\\",\\n  \\\"body\\\": [\\n  \\\"public static ${1:void} preCalculate($2) {\\\",\\n  \\\"}\\\"\\n  ]\\n  },\\n  \\\"try catch\\\": {\\n  \\\"prefix\\\": \\\"try\\\",\\n  \\\"body\\\": [\\n  \\\"try {\\\",\\n  \\\"\\\\t$1\\\",\\n  \\\"} catch (Exception$2 e) {\\\",\\n  \\\"\\\\te.printStackTrace();\\\",\\n  \\\"}\\\"\\n  ]\\n  },\\n  \\\"if\\\": {\\n  \\\"prefix\\\": \\\"if\\\",\\n  \\\"body\\\": [\\n  \\\"if (${1:condition}) $2\\\"\\n  ]\\n  },\\n  \\\"else\\\": {\\n  \\\"prefix\\\": \\\"el\\\",\\n  \\\"body\\\": [\\n  \\\"else $2\\\"\\n  ]\\n  },\\n  \\\"else if ()\\\": {\\n  \\\"prefix\\\": \\\"eli\\\",\\n  \\\"body\\\": [\\n  \\\"else if ($1) $2\\\"\\n  ]\\n  },\\n  \\\"do while\\\": {\\n  \\\"prefix\\\": \\\"do\\\",\\n  \\\"body\\\": [\\n  \\\"do {\\\\n\\\\t$1\\\",\\n  \\\"} while ($2);\\\"\\n  ]\\n  },\\n  \\\"while\\\": {\\n  \\\"prefix\\\": \\\"wh\\\",\\n  \\\"body\\\": [\\n  \\\"while ($1) {\\\",\\n  \\\"}\\\"\\n  ]\\n  },\\n  \\\"for iterator\\\": {\\n  \\\"prefix\\\": \\\"fori\\\",\\n  \\\"body\\\": [\\n  \\\"for (int ${1:i} = 0; ${1:i} < $2; ${1:i}++) {\\\\n$3\\\\n}\\\"\\n  ]\\n  },\\n  \\\"for reverse iterator\\\": {\\n  \\\"prefix\\\": \\\"forr\\\",\\n  \\\"body\\\": [\\n  \\\"for (int ${1:i} = $2 - 1; ${1:i} >= 0; ${1:i}--) {$3}\\\"\\n  ]\\n  },\\n  \\\"for each\\\": {\\n  \\\"prefix\\\": \\\"fore\\\",\\n  \\\"body\\\": [\\n  \\\"for (${1:int} e : $2) ${3:System.out}.print(e + \\\\\\\" \\\\\\\");\\\",\\n  \\\"${3:System.out}.println();\\\"\\n  ]\\n  },\\n  \\\"object creation\\\": {\\n  \\\"prefix\\\": \\\"obj\\\",\\n  \\\"body\\\": [\\n  \\\"${1:nameClass} ${2:name} = new ${1:nameConstructor}();\\\"\\n  ]\\n  },\\n  \\\"constructor\\\": {\\n  \\\"prefix\\\": \\\"construct\\\",\\n  \\\"body\\\": [\\n  \\\"public ${TM_FILENAME_BASE}($1) {\\\",\\n  \\\"\\\\tthis.$2 = $2;\\\",\\n  \\\"}\\\"\\n  ]\\n  },\\n  \\\"import\\\": {\\n  \\\"prefix\\\": \\\"in\\\",\\n  \\\"body\\\": [\\n  \\\"import java.$1;\\\"\\n  ]\\n  },\\n  \\\"JavaClass template\\\": {\\n  \\\"prefix\\\": \\\"class\\\",\\n  \\\"body\\\": [\\n  \\\"public class ${TM_FILENAME_BASE} {\\\",\\n  \\\"\\\\t$1\\\\n\\\",\\n  \\\"\\\\tpublic ${TM_FILENAME_BASE}($1) {\\\",\\n  \\\"\\\\t\\\\tthis.$2 = $2;\\\",\\n  \\\"\\\\t}\\\",\\n  \\\"}\\\"\\n  ]\\n  },\\n  \\\"JavaMainClass template\\\": {\\n  \\\"prefix\\\": \\\"mainclass\\\",\\n  \\\"body\\\": [\\n  \\\"public class ${TM_FILENAME_BASE} {\\\",\\n  \\\"\\\\tpublic static void main(String[] args) {\\\",\\n  \\\"\\\\t\\\\t$1\\\",\\n  \\\"\\\\t}\\\",\\n  \\\"}\\\"\\n  ]\\n  },\\n  \\\"header for file\\\": {\\n  \\\"prefix\\\": \\\"author\\\",\\n  \\\"body\\\": [\\n  \\\"/**\\\",\\n  \\\" *   author:  $1\\\",\\n  \\\" *   created: ${CURRENT_DATE}/${CURRENT_MONTH}/${CURRENT_YEAR_SHORT} ${CURRENT_HOUR}:${CURRENT_MINUTE}:${CURRENT_SECOND}\\\",\\n  \\\"**/\\\"\\n  ]\\n  },\\n  \\\"date for file\\\": {\\n  \\\"prefix\\\": \\\"date\\\",\\n  \\\"body\\\": [\\n  \\\" *   created: ${CURRENT_DATE}/${CURRENT_MONTH}/${CURRENT_YEAR_SHORT} ${CURRENT_HOUR}:${CURRENT_MINUTE}:${CURRENT_SECOND}\\\"\\n  ]\\n  },\\n  \\\"Arrays.toString()\\\": {\\n  \\\"prefix\\\": \\\"tostr\\\",\\n  \\\"body\\\": [\\n  \\\"Arrays.toString($1)\\\"\\n  ]\\n  },\\n  \\\"Arrays.sort()\\\": {\\n  \\\"prefix\\\": \\\"sort\\\",\\n  \\\"body\\\": [\\n  \\\"Arrays.sort($1);\\\"\\n  ]\\n  },\\n  \\\"set static array\\\": {\\n  \\\"prefix\\\": \\\"arr\\\",\\n  \\\"body\\\": [\\n  \\\"${1:int}[] a$2 = new ${1:int}[MAX$3];\\\"\\n  ]\\n  },\\n  \\\"read int\\\": {\\n  \\\"prefix\\\": \\\"ri\\\",\\n  \\\"body\\\": [\\n  \\\"int $1 = io.nextInt();\\\"\\n  ]\\n  },\\n  \\\"read line\\\": {\\n  \\\"prefix\\\": \\\"rln\\\",\\n  \\\"body\\\": [\\n  \\\"String line = io.nextLine();\\\"\\n  ]\\n  },\\n  \\\"read long\\\": {\\n  \\\"prefix\\\": \\\"rl\\\",\\n  \\\"body\\\": [\\n  \\\"long $1 = io.nextLong();\\\"\\n  ]\\n  },\\n  \\\"read double\\\": {\\n  \\\"prefix\\\": \\\"rd\\\",\\n  \\\"body\\\": [\\n  \\\"double $1 = io.nextDouble();\\\"\\n  ]\\n  },\\n  \\\"read int[] array\\\": {\\n  \\\"prefix\\\": \\\"rai\\\",\\n  \\\"body\\\": [\\n  \\\"int[] $1 = io.readArray($2);\\\"\\n  ]\\n  },\\n  \\\"read char[] array\\\": {\\n  \\\"prefix\\\": \\\"rac\\\",\\n  \\\"body\\\": [\\n  \\\"char[] $2 = io.next().toCharArray();\\\"\\n  ]\\n  },\\n  \\\"read long[] array\\\": {\\n  \\\"prefix\\\": \\\"ral\\\",\\n  \\\"body\\\": [\\n  \\\"long[] $2 = io.next().readArray();\\\"\\n  ]\\n  },\\n  \\\"read double[] array\\\": {\\n  \\\"prefix\\\": \\\"rad\\\",\\n  \\\"body\\\": [\\n  \\\"double[] $2 = io.next().readArray();\\\"\\n  ]\\n  },\\n  \\\"set const int\\\": {\\n  \\\"prefix\\\": \\\"setn\\\",\\n  \\\"body\\\": [\\n  \\\"static final int N = 1$1_000_000;\\\"\\n  ]\\n  },\\n  \\\"read test cases\\\": {\\n  \\\"prefix\\\": \\\"tt\\\",\\n  \\\"body\\\": [\\n  \\\"int tt = sc.nextInt();\\\",\\n  \\\"while (tt--) {\\\\n$1\\\\n}\\\"\\n  ]\\n  },\\n  \\\"read tc for solve()\\\": {\\n  \\\"prefix\\\": \\\"tc\\\",\\n  \\\"body\\\": [\\n  \\\"int tc = io.nextInt();\\\",\\n  \\\"while (tc--) solve(io);\\\"\\n  ]\\n  },\\n  \\\"Codeforces template\\\": {\\n  \\\"prefix\\\": \\\"tem1\\\",\\n  \\\"body\\\": [\\n  \\\"/**\\\",\\n  \\\" *   author:  $1\\\",\\n  \\\" *   created: ${CURRENT_DATE}/${CURRENT_MONTH}/${CURRENT_YEAR_SHORT} ${CURRENT_HOUR}:${CURRENT_MINUTE}:${CURRENT_SECOND}\\\",\\n  \\\"**/\\\",\\n  \\\"import java.io.*;\\\",\\n  \\\"import java.util.*;\\\",\\n  \\\"import static java.lang.Math.*;\\\\n\\\",\\n  \\\"public class ${TM_FILENAME_BASE} {\\\",\\n  \\\"\\\\tpublic static void main(String[] args) {\\\",\\n  \\\"\\\\t\\\\ttry (FastReader io = new FastReader()) {\\\",\\n  \\\"\\\\t\\\\t\\\\t${1:solve(io);}\\\",\\n  \\\"\\\\t\\\\t}\\\",\\n  \\\"\\\\t\\\\tSystem.exit(0);\\\",\\n  \\\"\\\\t}\\\\n\\\",\\n  \\\"\\\\tpublic static void solve(FastReader io) {\\\\n$2\\\\n}\\\\n\\\",\\n  \\\"\\\\tstatic class FastReader extends PrintWriter {\\\",\\n  \\\"\\\\t\\\\tprivate BufferedReader br;\\\",\\n  \\\"\\\\t\\\\tprivate StringTokenizer st;\\\\n\\\",\\n  \\\"\\\\t\\\\tpublic FastReader() {\\\",\\n  \\\"\\\\t\\\\t\\\\tthis(System.in, System.out);\\\",\\n  \\\"\\\\t\\\\t}\\\\n\\\",\\n  \\\"\\\\t\\\\tpublic FastReader(InputStream i, OutputStream o) {\\\",\\n  \\\"\\\\t\\\\t\\\\tsuper(o);\\\",\\n  \\\"\\\\t\\\\t\\\\tbr = new BufferedReader(new InputStreamReader(i));\\\",\\n  \\\"\\\\t\\\\t}\\\",\\n  \\\"\\\",\\n  \\\"\\\\t\\\\tpublic FastReader(String idFile) throws IOException {\\\",\\n  \\\"\\\\t\\\\t\\\\tsuper(\\\\\\\"samples/output.out\\\\\\\");\\\",\\n  \\\"\\\\t\\\\t\\\\tbr = new BufferedReader(new FileReader(\\\\\\\"samples/\\\\\\\" + idFile));\\\",\\n  \\\"\\\\t\\\\t}\\\",\\n  \\\"\\\",\\n  \\\"\\\\t\\\\tpublic String next() {\\\",\\n  \\\"\\\\t\\\\t\\\\ttry {\\\",\\n  \\\"\\\\t\\\\t\\\\t\\\\twhile (st == null || !st.hasMoreTokens())\\\",\\n  \\\"\\\\t\\\\t\\\\t\\\\t\\\\tst = new StringTokenizer(br.readLine());\\\",\\n  \\\"\\\\t\\\\t\\\\t\\\\treturn st.nextToken();\\\",\\n  \\\"\\\\t\\\\t\\\\t} catch (Exception e) {\\\",\\n  \\\"\\\\t\\\\t\\\\t\\\\te.printStackTrace();\\\",\\n  \\\"\\\\t\\\\t\\\\t}\\\",\\n  \\\"\\\\t\\\\t\\\\treturn null;\\\",\\n  \\\"\\\\t\\\\t}\\\",\\n  \\\"\\\",\\n  \\\"\\\\t\\\\tpublic String nextLine() {\\\",\\n  \\\"\\\\t\\\\t\\\\tString line = null;\\\",\\n  \\\"\\\\t\\\\t\\\\ttry {\\\",\\n  \\\"\\\\t\\\\t\\\\t\\\\tline = br.readLine();\\\",\\n  \\\"\\\\t\\\\t\\\\t} catch (IOException e) {\\\",\\n  \\\"\\\\t\\\\t\\\\t\\\\te.printStackTrace();\\\",\\n  \\\"\\\\t\\\\t\\\\t}\\\",\\n  \\\"\\\\t\\\\t\\\\treturn line;\\\",\\n  \\\"\\\\t\\\\t}\\\",\\n  \\\"\\\",\\n  \\\"\\\\t\\\\tpublic int nextInt() {\\\",\\n  \\\"\\\\t\\\\t\\\\treturn Integer.parseInt(next());\\\",\\n  \\\"\\\\t\\\\t}\\\",\\n  \\\"\\\",\\n  \\\"\\\\t\\\\tpublic long nextLong() {\\\",\\n  \\\"\\\\t\\\\t\\\\treturn Long.parseLong(next());\\\",\\n  \\\"\\\\t\\\\t}\\\",\\n  \\\"\\\",\\n  \\\"\\\\t\\\\tpublic double nextDouble() {\\\",\\n  \\\"\\\\t\\\\t\\\\treturn Double.parseDouble(next());\\\",\\n  \\\"\\\\t\\\\t}\\\",\\n  \\\"\\\",\\n  \\\"\\\\t\\\\tpublic int[] readArray(int n) {\\\",\\n  \\\"\\\\t\\\\t\\\\tint[] a = new int[n];\\\",\\n  \\\"\\\\t\\\\t\\\\tfor (int i = 0; i < n; i++) {\\\",\\n  \\\"\\\\t\\\\t\\\\t\\\\ta[i] = nextInt();\\\",\\n  \\\"\\\\t\\\\t\\\\t}\\\",\\n  \\\"\\\\t\\\\t\\\\treturn a;\\\",\\n  \\\"\\\\t\\\\t}\\\",\\n  \\\"\\\\t}\\\",\\n  \\\"}\\\"\\n  ],\\n  \\\"description\\\": \\\"Plantilla para entrenar en codeforces\\\"\\n  },\\n  \\\"Ligth template\\\": {\\n  \\\"prefix\\\": \\\"tem2\\\",\\n  \\\"body\\\": [\\n  \\\"/**\\\",\\n  \\\" *   author:  𝖏𝖔𝖘𝖚𝖊𝖗𝖔𝖒\\\",\\n  \\\" *   created: ${CURRENT_DATE}/${CURRENT_MONTH}/${CURRENT_YEAR_SHORT} ${CURRENT_HOUR}:${CURRENT_MINUTE}:${CURRENT_SECOND}\\\",\\n  \\\"**/\\\",\\n  \\\"import java.util.*;\\\\n\\\",\\n  \\\"public class ${TM_FILENAME_BASE} {\\\",\\n  \\\"\\\\tpublic static void main(String[] args) {\\\",\\n  \\\"\\\\t\\\\tScanner sc = new Scanner(System.in);\\\",\\n  \\\"\\\\t\\\\t$1\\\",\\n  \\\"\\\\t\\\\tSystem.exit(0);\\\",\\n  \\\"\\\\t}\\\",\\n  \\\"}\\\"\\n  ],\\n  \\\"description\\\": \\\"Plantilla estándar simple sin atajos\\\"\\n  },\\n  \\\"2 Bits template\\\": {\\n  \\\"prefix\\\": \\\"tem3\\\",\\n  \\\"body\\\": [\\n  \\\"/**\\\",\\n  \\\" *   █▀█  █▀▀▄ ─▀─ ▀▀█▀▀ █▀▀\\\",\\n  \\\" *   ─▄▀  █▀▀▄ ▀█▀ ──█── ▀▀█\\\",\\n  \\\" *   █▄▄  ▀▀▀─ ▀▀▀ ──▀── ▀▀▀\\\",\\n  \\\" *   created: ${CURRENT_DATE}/${CURRENT_MONTH}/${CURRENT_YEAR_SHORT} ${CURRENT_HOUR}:${CURRENT_MINUTE}:${CURRENT_SECOND}\\\",\\n  \\\"**/\\\",\\n  \\\"import java.io.*;\\\",\\n  \\\"import java.util.*;\\\",\\n  \\\"import static java.lang.Math.*;\\\\n\\\",\\n  \\\"public class ${TM_FILENAME_BASE} {\\\",\\n  \\\"\\\\tpublic static void main(String[] args) {\\\",\\n  \\\"\\\\t\\\\ttry (FastReader io = new FastReader()) {\\\",\\n  \\\"\\\\t\\\\t\\\\t${1:solve(io);}\\\",\\n  \\\"\\\\t\\\\t}\\\",\\n  \\\"\\\\t\\\\tSystem.exit(0);\\\",\\n  \\\"\\\\t}\\\",\\n  \\\"\\\",\\n  \\\"\\\\tpublic static void solve(FastReader io) {\\\\n$2\\\\n}\\\",\\n  \\\"\\\",\\n  \\\"\\\\tstatic class FastReader extends PrintWriter {\\\",\\n  \\\"\\\\t\\\\tprivate BufferedReader br;\\\",\\n  \\\"\\\\t\\\\tprivate StringTokenizer st;\\\",\\n  \\\"\\\",\\n  \\\"\\\\t\\\\tpublic FastReader() {\\\",\\n  \\\"\\\\t\\\\t\\\\tthis(System.in, System.out);\\\",\\n  \\\"\\\\t\\\\t}\\\",\\n  \\\"\\\",\\n  \\\"\\\\t\\\\tpublic FastReader(InputStream i, OutputStream o) {\\\",\\n  \\\"\\\\t\\\\t\\\\tsuper(o);\\\",\\n  \\\"\\\\t\\\\t\\\\tbr = new BufferedReader(new InputStreamReader(i));\\\",\\n  \\\"\\\\t\\\\t}\\\",\\n  \\\"\\\",\\n  \\\"\\\\t\\\\tpublic FastReader(String idFile) throws IOException {\\\",\\n  \\\"\\\\t\\\\t\\\\tsuper(\\\\\\\"samples/output.out\\\\\\\");\\\",\\n  \\\"\\\\t\\\\t\\\\tbr = new BufferedReader(new FileReader(\\\\\\\"samples/\\\\\\\" + idFile));\\\",\\n  \\\"\\\\t\\\\t}\\\",\\n  \\\"\\\",\\n  \\\"\\\\t\\\\tpublic String next() {\\\",\\n  \\\"\\\\t\\\\t\\\\ttry {\\\",\\n  \\\"\\\\t\\\\t\\\\t\\\\twhile (st == null || !st.hasMoreTokens())\\\",\\n  \\\"\\\\t\\\\t\\\\t\\\\t\\\\tst = new StringTokenizer(br.readLine());\\\",\\n  \\\"\\\\t\\\\t\\\\t\\\\treturn st.nextToken();\\\",\\n  \\\"\\\\t\\\\t\\\\t} catch (Exception e) {\\\",\\n  \\\"\\\\t\\\\t\\\\t\\\\te.printStackTrace();\\\",\\n  \\\"\\\\t\\\\t\\\\t}\\\",\\n  \\\"\\\\t\\\\t\\\\treturn null;\\\",\\n  \\\"\\\\t\\\\t}\\\",\\n  \\\"\\\",\\n  \\\"\\\\t\\\\tpublic String nextLine() {\\\",\\n  \\\"\\\\t\\\\t\\\\tString line = null;\\\",\\n  \\\"\\\\t\\\\t\\\\ttry {\\\",\\n  \\\"\\\\t\\\\t\\\\t\\\\tline = br.readLine();\\\",\\n  \\\"\\\\t\\\\t\\\\t} catch (IOException e) {\\\",\\n  \\\"\\\\t\\\\t\\\\t\\\\te.printStackTrace();\\\",\\n  \\\"\\\\t\\\\t\\\\t}\\\",\\n  \\\"\\\\t\\\\t\\\\treturn line;\\\",\\n  \\\"\\\\t\\\\t}\\\",\\n  \\\"\\\",\\n  \\\"\\\\t\\\\tpublic int nextInt() {\\\",\\n  \\\"\\\\t\\\\t\\\\treturn Integer.parseInt(next());\\\",\\n  \\\"\\\\t\\\\t}\\\",\\n  \\\"\\\",\\n  \\\"\\\\t\\\\tpublic long nextLong() {\\\",\\n  \\\"\\\\t\\\\t\\\\treturn Long.parseLong(next());\\\",\\n  \\\"\\\\t\\\\t}\\\",\\n  \\\"\\\",\\n  \\\"\\\\t\\\\tpublic double nextDouble() {\\\",\\n  \\\"\\\\t\\\\t\\\\treturn Double.parseDouble(next());\\\",\\n  \\\"\\\\t\\\\t}\\\",\\n  \\\"\\\",\\n  \\\"\\\\t\\\\tpublic int[] readArray(int n) {\\\",\\n  \\\"\\\\t\\\\t\\\\tint[] a = new int[n];\\\",\\n  \\\"\\\\t\\\\t\\\\tfor (int i = 0; i < n; i++) {\\\",\\n  \\\"\\\\t\\\\t\\\\t\\\\ta[i] = nextInt();\\\",\\n  \\\"\\\\t\\\\t\\\\t}\\\",\\n  \\\"\\\\t\\\\t\\\\treturn a;\\\",\\n  \\\"\\\\t\\\\t}\\\",\\n  \\\"\\\\t}\\\",\\n  \\\"}\\\"\\n  ],\\n  \\\"description\\\": \\\"Plantilla del equipo 2 Bits UNIMINUTO\\\"\\n  }\\n}\",\"python.json\":\"{ // @author josuerom\\n  \\\"read int\\\": {\\n  \\\"prefix\\\": \\\"rint\\\",\\n  \\\"body\\\": [\\n  \\\"${1:n} = int(input())\\\"\\n  ]\\n  },\\n  \\\"read str\\\": {\\n  \\\"prefix\\\": \\\"rstr\\\",\\n  \\\"body\\\": [\\n  \\\"${1:s} = input()\\\"\\n  ]\\n  },\\n  \\\"read decimal\\\": {\\n  \\\"prefix\\\": \\\"rfloat\\\",\\n  \\\"body\\\": [\\n  \\\"${1:d} = float(input())\\\"\\n  ]\\n  },\\n  \\\"read list of str\\\": {\\n  \\\"prefix\\\": \\\"rls\\\",\\n  \\\"body\\\": [\\n  \\\"ls = input().split(\\\\\\\" \\\\\\\")\\\"\\n  ]\\n  },\\n  \\\"read list of char\\\": {\\n  \\\"prefix\\\": \\\"rlc\\\",\\n  \\\"body\\\": [\\n  \\\"lc = list(input())\\\"\\n  ]\\n  },\\n  \\\"read list of int\\\": {\\n  \\\"prefix\\\": \\\"rli\\\",\\n  \\\"body\\\": [\\n  \\\"li$1 = map(int, input().split())\\\"\\n  ]\\n  },\\n  \\\"read list of float\\\": {\\n  \\\"prefix\\\": \\\"rlf\\\",\\n  \\\"body\\\": [\\n  \\\"lf$1 = map(float, input().split())\\\"\\n  ]\\n  },\\n  \\\"return False\\\": {\\n  \\\"prefix\\\": \\\"rtf\\\",\\n  \\\"body\\\": [\\n  \\\"return False\\\"\\n  ]\\n  },\\n  \\\"return True\\\": {\\n  \\\"prefix\\\": \\\"rtt\\\",\\n  \\\"body\\\": [\\n  \\\"return True\\\"\\n  ]\\n  },\\n  \\\"comment block\\\": {\\n  \\\"prefix\\\": \\\"cb\\\",\\n  \\\"body\\\": [\\n  \\\"\\\\\\\"\\\\\\\"\\\\\\\"\\\",\\n  \\\"$1\\\",\\n  \\\"\\\\\\\"\\\\\\\"\\\\\\\"\\\"\\n  ]\\n  },\\n  \\\"print(normal)\\\": {\\n  \\\"prefix\\\": \\\"p\\\",\\n  \\\"body\\\": [\\n  \\\"print($1)\\\"\\n  ]\\n  },\\n  \\\"print(f-string)\\\": {\\n  \\\"prefix\\\": \\\"pf\\\",\\n  \\\"body\\\": [\\n  \\\"print(f\\\\\\\"$1{}\\\\\\\")\\\"\\n  ]\\n  },\\n  \\\"print(ternary operator)\\\": {\\n  \\\"prefix\\\": \\\"po\\\",\\n  \\\"body\\\": [\\n  \\\"print($2 if $1 else $3)\\\"\\n  ]\\n  },\\n  \\\"print(veredict YES or NO)\\\": {\\n  \\\"prefix\\\": \\\"pv1\\\",\\n  \\\"body\\\": [\\n  \\\"print(\\\\\\\"YES\\\\\\\" if $1 else \\\\\\\"NO\\\\\\\")\\\"\\n  ]\\n  },\\n  \\\"print(veredict yes or no)\\\": {\\n  \\\"prefix\\\": \\\"pv2\\\",\\n  \\\"body\\\": [\\n  \\\"print(\\\\\\\"yes\\\\\\\" if $1 else \\\\\\\"no\\\\\\\")\\\"\\n  ]\\n  },\\n  \\\"ifel\\\": {\\n  \\\"prefix\\\": \\\"ifel\\\",\\n  \\\"body\\\": [\\n  \\\"if $1:\\\",\\n  \\\"\\\\t\\\",\\n  \\\"else:\\\",\\n  \\\"\\\\t\\\"\\n  ]\\n  },\\n  \\\"fori\\\": {\\n  \\\"prefix\\\": \\\"fori\\\",\\n  \\\"body\\\": [\\n  \\\"for ${1:i} in range(0, $2):\\\",\\n  \\\"\\\\t$3\\\"\\n  ]\\n  },\\n  \\\"fore\\\": {\\n  \\\"prefix\\\": \\\"fore\\\",\\n  \\\"body\\\": [\\n  \\\"for e in enumerate(${1:list}):\\\",\\n  \\\"\\\\t$2\\\"\\n  ]\\n  },\\n  \\\"while\\\": {\\n  \\\"prefix\\\": \\\"wh\\\",\\n  \\\"body\\\": [\\n  \\\"while $1:\\\",\\n  \\\"\\\\t$2\\\"\\n  ]\\n  },\\n  \\\"read test case\\\": {\\n  \\\"prefix\\\": \\\"tc\\\",\\n  \\\"body\\\": [\\n  \\\"tc = int(input())\\\",\\n  \\\"while tc:\\\",\\n  \\\"\\\\t$1\\\",\\n  \\\"\\\\ttc -= 1\\\"\\n  ]\\n  },\\n  \\\"read tc for solve()\\\": {\\n  \\\"prefix\\\": \\\"tt\\\",\\n  \\\"body\\\": [\\n  \\\"tt = int(input())\\\",\\n  \\\"while tt:\\\",\\n  \\\"\\\\tsolve()\\\",\\n  \\\"\\\\ttt -= 1\\\"\\n  ]\\n  },\\n  \\\"header for file\\\": {\\n  \\\"prefix\\\": \\\"header\\\",\\n  \\\"body\\\": [\\n  \\\" *    author: josuerom\\\"\\n  ]\\n  },\\n  \\\"date for file\\\": {\\n  \\\"prefix\\\": \\\"date\\\",\\n  \\\"body\\\": [\\n  \\\" *   created: ${CURRENT_DATE}/${CURRENT_MONTH}/${CURRENT_YEAR_SHORT} ${CURRENT_HOUR}:${CURRENT_MINUTE}:${CURRENT_SECOND}\\\"\\n  ]\\n  },\\n  \\\"def precalculate()\\\": {\\n  \\\"prefix\\\": \\\"fpre\\\",\\n  \\\"body\\\": [\\n  \\\"def pre_calculate($1):\\\",\\n  \\\"\\\\t\\\"\\n  ]\\n  },\\n  \\\"def solve()\\\": {\\n  \\\"prefix\\\": \\\"fsol\\\",\\n  \\\"body\\\": [\\n  \\\"def solve():\\\",\\n  \\\"\\\\t$1\\\"\\n  ]\\n  },\\n  \\\"main\\\": {\\n  \\\"prefix\\\": \\\"main\\\",\\n  \\\"body\\\": [\\n  \\\"if __name__ == '__main__':\\\",\\n  \\\"\\\\t$1\\\"\\n  ]\\n  },\\n  \\\"template 1\\\": {\\n  \\\"prefix\\\": \\\"tem1\\\",\\n  \\\"body\\\": [\\n  \\\"\\\\\\\"\\\\\\\"\\\\\\\"\\\",\\n  \\\" *   author:  𝖏𝖔𝖘𝖚𝖊𝖗𝖔𝖒\\\",\\n  \\\" *   created: ${CURRENT_DATE}/${CURRENT_MONTH}/${CURRENT_YEAR_SHORT} ${CURRENT_HOUR}:${CURRENT_MINUTE}:${CURRENT_SECOND}\\\",\\n  \\\"\\\\\\\"\\\\\\\"\\\\\\\"\\\",\\n  \\\"import sys\\\\n\\\",\\n  \\\"def rstr(): return sys.stdin.readline()\\\",\\n  \\\"def rint(): return int(rstr())\\\",\\n  \\\"def rli():  return list(map(int, rstr().split()))\\\",\\n  \\\"def rls():  return rstr().split()\\\",\\n  \\\"def rlc():  return list(rstr())\\\",\\n  \\\"def pl(ls): print(' '.join(map(str, ls)))\\\",\\n  \\\"def pb(ls): print('\\\\\\\\n'.join(map(str, ls)))\\\\n\\\",\\n  \\\"def solve():$2\\\\n\\\",\\n  \\\"${1:tc = int(input())}\\\"\\n  ],\\n  \\\"description\\\": \\\"Plantilla para entrenar en codefores\\\"\\n  },\\n  \\\"template 2\\\": {\\n  \\\"prefix\\\": \\\"tem2\\\",\\n  \\\"body\\\": [\\n  \\\"\\\\\\\"\\\\\\\"\\\\\\\"\\\",\\n  \\\" *   author:  𝖏𝖔𝖘𝖚𝖊𝖗𝖔𝖒\\\",\\n  \\\" *   created: ${CURRENT_DATE}/${CURRENT_MONTH}/${CURRENT_YEAR_SHORT} ${CURRENT_HOUR}:${CURRENT_MINUTE}:${CURRENT_SECOND}\\\",\\n  \\\"\\\\\\\"\\\\\\\"\\\\\\\"\\\",\\n  \\\"$1\\\"\\n  ],\\n  \\\"description\\\": \\\"Plantilla estándar simple sin atajos\\\"\\n  }\\n}\"}"}}