{
    "workbench.colorTheme": "Solarized Light",
    "editor.fontFamily": "Agave Nerd Font Mono",
    "editor.fontSize": 15,
    "editor.tabSize": 3,
    "git.openRepositoryInParentFolders": "never",
    "workbench.startupEditor": "none",

    "cph.general.menuChoices": "cpp java python",
    "cph.general.saveLocation": "c:\\workspace\\bin",
    "cph.general.timeOut": 1100,

    "terminal.integrated.defaultProfile.windows": "Command Prompt",
    "terminal.integrated.fontFamily": "JetBrains Mono",
    "terminal.integrated.fontSize": 14,

    "code-runner.runInTerminal": true,
    "code-runner.saveFileBeforeRun": true,
    "code-runner.showExecutionMessage": false,
    "code-runner.showRunCommandInEditorContextMenu": false,
    "code-runner.clearPreviousOutput": true,
    "code-runner.preserveFocus": false,
    "code-runner.cwd": "c:\\workspace\\bin",
    "code-runner.executorMap": {
        "cpp": "cls && cd $dir && g++ $fileName -o $fileNameWithoutExt.exe -std=c++20 -O2 -Wall -Wl,--stack=536870912 -Wextra -pedantic -Wshadow -Wformat=2 -Wfloat-equal -Wconversion -Wlogical-op -Wshift-overflow=2 -Wduplicated-cond -Wcast-qual -Wcast-align -fmax-errors=1 -D_GLIBCXX_DEBUG -DLOCAL && $fileNameWithoutExt.exe",
        "repeat_cpp": "cls && $fileNameWithoutExt.exe < in1",

        "java": "cls && cd $dir && java $fileName",
        "repeat_java": "cls && cd $dir && java $fileName < in1",

        "python": "cls && cd $dir && python -OO -S -B $fileName",
        "repeat_py": "cls && cd $dir && python -OO -S -B $fileName < in1",
    },
    "cppref.lang": "es",
    "cppref.searchEngine": "Google",
    "explorer.confirmDelete": false,
    "cph.general.ignoreSTDERROR": true,
    "cph.language.cpp.SubmissionCompiler": "GNU G++20 13.2 (64 bit, winlibs)",
}