{"version":1,"resource":"vscode-userdata:/c%3A/Users/Admin/AppData/Roaming/Code/User/profiles/13c4b99d/snippets/cpp.json","entries":[{"id":"vzzc.json","timestamp":1750392230147},{"id":"6ZeF.json","timestamp":1750392244112},{"id":"4DUQ.json","timestamp":1750392409059},{"id":"98Kn.json","timestamp":1750392749190},{"id":"v047.json","timestamp":1750392778767},{"id":"mvkQ.json","timestamp":1750392986206},{"id":"ffbm.json","timestamp":1750393204164},{"id":"vbRx.json","timestamp":1750393243897},{"id":"3iYh.json","timestamp":1750393270040},{"id":"T4zg.json","timestamp":1750393295183},{"id":"t8Nm.json","timestamp":1750393310183},{"id":"gkKb.json","timestamp":1750393349501},{"id":"3bMG.json","timestamp":1750393442468},{"id":"wv7W.json","timestamp":1750393474856},{"id":"tbW1.json","timestamp":1750393494987},{"id":"Wb5b.json","timestamp":1750393533248},{"id":"rjaH.json","timestamp":1750393554460},{"id":"gENj.json","timestamp":1750393565927},{"id":"h90t.json","timestamp":1750393726516},{"id":"vEuf.json","timestamp":1750393778875},{"id":"Dpiy.json","timestamp":1750393800531},{"id":"MKqL.json","timestamp":1750393838384},{"id":"jTHc.json","timestamp":1750393964590},{"id":"OxEy.json","timestamp":1750394023137},{"id":"MSQH.json","timestamp":1750394089791},{"id":"E1av.json","timestamp":1750394105578},{"id":"y4H3.json","timestamp":1750394182712},{"id":"VnfK.json","timestamp":1750394305521},{"id":"yK8R.json","timestamp":1750394316968},{"id":"YdL5.json","timestamp":1750394423078},{"id":"oWPC.json","timestamp":1750394445960},{"id":"rkfs.json","timestamp":1750394457055},{"id":"3XYF.json","timestamp":1750394725476},{"id":"Ddcx.json","timestamp":1750394793714},{"id":"XXZz.json","timestamp":1750394842091},{"id":"ORnw.json","timestamp":1750394919648},{"id":"4vsg.json","timestamp":1750394957272},{"id":"RdoR.json","timestamp":1750395151937},{"id":"vROh.json","timestamp":1750395415602},{"id":"QGU8.json","timestamp":1750395496664},{"id":"f86q.json","timestamp":1750395676593},{"id":"6WUb.json","timestamp":1750395705286},{"id":"3afA.json","timestamp":1750396146532},{"id":"rDsv.json","timestamp":1750396188286},{"id":"4LqV.json","timestamp":1750396201061},{"id":"Eeep.json","timestamp":1750397623236},{"id":"uS4j.json","timestamp":1750397997580},{"id":"SYcF.json","timestamp":1750398024469},{"id":"20wx.json","timestamp":1750398848340},{"id":"qIWL.json","timestamp":1750400278980}]}