{"ref":"f0aba495-824b-4b2c-93e7-6877335e2677","syncData":{"version":1,"machineId":"e2f537a8-6d5d-47f5-addb-e722de604f84","content":"{\"storage\":{\"workbench.panel.repl.hidden\":{\"version\":1,\"value\":\"[{\\\"id\\\":\\\"workbench.panel.repl.view\\\",\\\"isHidden\\\":false}]\"},\"workbench.panel.pinnedPanels\":{\"version\":1,\"value\":\"[{\\\"id\\\":\\\"workbench.panel.markers\\\",\\\"pinned\\\":true,\\\"visible\\\":false,\\\"order\\\":0},{\\\"id\\\":\\\"workbench.panel.output\\\",\\\"pinned\\\":true,\\\"visible\\\":false,\\\"order\\\":1},{\\\"id\\\":\\\"workbench.panel.testResults\\\",\\\"pinned\\\":true,\\\"visible\\\":false,\\\"order\\\":3},{\\\"id\\\":\\\"terminal\\\",\\\"pinned\\\":true,\\\"visible\\\":false,\\\"order\\\":3},{\\\"id\\\":\\\"refactorPreview\\\",\\\"pinned\\\":true,\\\"visible\\\":false},{\\\"id\\\":\\\"~remote.forwardedPortsContainer\\\",\\\"pinned\\\":true,\\\"visible\\\":false,\\\"order\\\":5},{\\\"id\\\":\\\"workbench.panel.repl\\\",\\\"pinned\\\":true,\\\"visible\\\":false,\\\"order\\\":2}]\"},\"workbench.panel.alignment\":{\"version\":1,\"value\":\"center\"},\"workbench.view.extension.cph-judge-view-container.state.hidden\":{\"version\":1,\"value\":\"[{\\\"id\\\":\\\"cph.judgeView\\\",\\\"isHidden\\\":false}]\"},\"workbench.scm.views.state.hidden\":{\"version\":1,\"value\":\"[{\\\"id\\\":\\\"workbench.scm.repositories\\\",\\\"isHidden\\\":true},{\\\"id\\\":\\\"workbench.scm\\\",\\\"isHidden\\\":false},{\\\"id\\\":\\\"workbench.scm.history\\\",\\\"isHidden\\\":false}]\"},\"workbench.view.debug.state.hidden\":{\"version\":1,\"value\":\"[{\\\"id\\\":\\\"workbench.debug.welcome\\\",\\\"isHidden\\\":false},{\\\"id\\\":\\\"workbench.debug.variablesView\\\",\\\"isHidden\\\":false},{\\\"id\\\":\\\"workbench.debug.watchExpressionsView\\\",\\\"isHidden\\\":false},{\\\"id\\\":\\\"workbench.debug.callStackView\\\",\\\"isHidden\\\":false},{\\\"id\\\":\\\"workbench.debug.loadedScriptsView\\\",\\\"isHidden\\\":false},{\\\"id\\\":\\\"workbench.debug.breakPointsView\\\",\\\"isHidden\\\":false},{\\\"id\\\":\\\"jsBrowserBreakpoints\\\",\\\"isHidden\\\":false},{\\\"id\\\":\\\"jsExcludedCallers\\\",\\\"isHidden\\\":false},{\\\"id\\\":\\\"jsDebugNetworkTree\\\",\\\"isHidden\\\":false},{\\\"id\\\":\\\"CppSshTargetsView\\\",\\\"isHidden\\\":false}]\"},\"workbench.view.search.state.hidden\":{\"version\":1,\"value\":\"[{\\\"id\\\":\\\"workbench.view.search\\\",\\\"isHidden\\\":false}]\"},\"workbench.explorer.views.state.hidden\":{\"version\":1,\"value\":\"[{\\\"id\\\":\\\"workbench.explorer.openEditorsView\\\",\\\"isHidden\\\":true},{\\\"id\\\":\\\"workbench.explorer.emptyView\\\",\\\"isHidden\\\":false},{\\\"id\\\":\\\"outline\\\",\\\"isHidden\\\":false},{\\\"id\\\":\\\"timeline\\\",\\\"isHidden\\\":false},{\\\"id\\\":\\\"npm\\\",\\\"isHidden\\\":true},{\\\"id\\\":\\\"workbench.explorer.fileView\\\",\\\"isHidden\\\":false}]\"},\"commandPalette.mru.cache\":{\"version\":1,\"value\":\"{\\\"usesLRU\\\":true,\\\"entries\\\":[{\\\"key\\\":\\\"workbench.userDataSync.actions.turnOff\\\",\\\"value\\\":4},{\\\"key\\\":\\\"workbench.userDataSync.actions.settings\\\",\\\"value\\\":5},{\\\"key\\\":\\\"workbench.action.reloadWindow\\\",\\\"value\\\":16},{\\\"key\\\":\\\"workbench.userDataSync.actions.syncNow\\\",\\\"value\\\":17},{\\\"key\\\":\\\"workbench.action.openSnippets\\\",\\\"value\\\":19},{\\\"key\\\":\\\"workbench.profiles.actions.switchProfile\\\",\\\"value\\\":20}]}\"},\"commandPalette.mru.counter\":{\"version\":1,\"value\":\"21\"},\"workbench.panel.chat.hidden\":{\"version\":1,\"value\":\"[{\\\"id\\\":\\\"workbench.panel.chat.view.copilot\\\",\\\"isHidden\\\":false}]\"},\"workbench.panel.markers.hidden\":{\"version\":1,\"value\":\"[{\\\"id\\\":\\\"workbench.panel.markers.view\\\",\\\"isHidden\\\":false}]\"},\"workbench.panel.output.hidden\":{\"version\":1,\"value\":\"[{\\\"id\\\":\\\"workbench.panel.output\\\",\\\"isHidden\\\":false}]\"},\"terminal.hidden\":{\"version\":1,\"value\":\"[{\\\"id\\\":\\\"terminal\\\",\\\"isHidden\\\":false}]\"},\"workbench.activityBar.location\":{\"version\":1,\"value\":\"default\"},\"workbench.auxiliarybar.pinnedPanels\":{\"version\":1,\"value\":\"[{\\\"id\\\":\\\"workbench.panel.chat\\\",\\\"pinned\\\":true,\\\"visible\\\":false,\\\"order\\\":100}]\"},\"colorThemeData\":{\"version\":1,\"value\":\"{\\\"id\\\":\\\"vs-dark vscode-theme-defaults-themes-dark_modern-json\\\",\\\"label\\\":\\\"Dark Modern\\\",\\\"settingsId\\\":\\\"Default Dark Modern\\\",\\\"themeTokenColors\\\":[{\\\"settings\\\":{\\\"foreground\\\":\\\"#D4D4D4\\\"},\\\"scope\\\":[\\\"meta.embedded\\\",\\\"source.groovy.embedded\\\",\\\"string meta.image.inline.markdown\\\",\\\"variable.legacy.builtin.python\\\"]},{\\\"settings\\\":{\\\"fontStyle\\\":\\\"italic\\\"},\\\"scope\\\":\\\"emphasis\\\"},{\\\"settings\\\":{\\\"fontStyle\\\":\\\"bold\\\"},\\\"scope\\\":\\\"strong\\\"},{\\\"settings\\\":{\\\"foreground\\\":\\\"#000080\\\"},\\\"scope\\\":\\\"header\\\"},{\\\"settings\\\":{\\\"foreground\\\":\\\"#6A9955\\\"},\\\"scope\\\":\\\"comment\\\"},{\\\"settings\\\":{\\\"foreground\\\":\\\"#569cd6\\\"},\\\"scope\\\":\\\"constant.language\\\"},{\\\"settings\\\":{\\\"foreground\\\":\\\"#b5cea8\\\"},\\\"scope\\\":[\\\"constant.numeric\\\",\\\"variable.other.enummember\\\",\\\"keyword.operator.plus.exponent\\\",\\\"keyword.operator.minus.exponent\\\"]},{\\\"settings\\\":{\\\"foreground\\\":\\\"#646695\\\"},\\\"scope\\\":\\\"constant.regexp\\\"},{\\\"settings\\\":{\\\"foreground\\\":\\\"#569cd6\\\"},\\\"scope\\\":\\\"entity.name.tag\\\"},{\\\"settings\\\":{\\\"foreground\\\":\\\"#d7ba7d\\\"},\\\"scope\\\":[\\\"entity.name.tag.css\\\",\\\"entity.name.tag.less\\\"]},{\\\"settings\\\":{\\\"foreground\\\":\\\"#9cdcfe\\\"},\\\"scope\\\":\\\"entity.other.attribute-name\\\"},{\\\"settings\\\":{\\\"foreground\\\":\\\"#d7ba7d\\\"},\\\"scope\\\":[\\\"entity.other.attribute-name.class.css\\\",\\\"source.css entity.other.attribute-name.class\\\",\\\"entity.other.attribute-name.id.css\\\",\\\"entity.other.attribute-name.parent-selector.css\\\",\\\"entity.other.attribute-name.parent.less\\\",\\\"source.css entity.other.attribute-name.pseudo-class\\\",\\\"entity.other.attribute-name.pseudo-element.css\\\",\\\"source.css.less entity.other.attribute-name.id\\\",\\\"entity.other.attribute-name.scss\\\"]},{\\\"settings\\\":{\\\"foreground\\\":\\\"#f44747\\\"},\\\"scope\\\":\\\"invalid\\\"},{\\\"settings\\\":{\\\"fontStyle\\\":\\\"underline\\\"},\\\"scope\\\":\\\"markup.underline\\\"},{\\\"settings\\\":{\\\"fontStyle\\\":\\\"bold\\\",\\\"foreground\\\":\\\"#569cd6\\\"},\\\"scope\\\":\\\"markup.bold\\\"},{\\\"settings\\\":{\\\"fontStyle\\\":\\\"bold\\\",\\\"foreground\\\":\\\"#569cd6\\\"},\\\"scope\\\":\\\"markup.heading\\\"},{\\\"settings\\\":{\\\"fontStyle\\\":\\\"italic\\\"},\\\"scope\\\":\\\"markup.italic\\\"},{\\\"settings\\\":{\\\"fontStyle\\\":\\\"strikethrough\\\"},\\\"scope\\\":\\\"markup.strikethrough\\\"},{\\\"settings\\\":{\\\"foreground\\\":\\\"#b5cea8\\\"},\\\"scope\\\":\\\"markup.inserted\\\"},{\\\"settings\\\":{\\\"foreground\\\":\\\"#ce9178\\\"},\\\"scope\\\":\\\"markup.deleted\\\"},{\\\"settings\\\":{\\\"foreground\\\":\\\"#569cd6\\\"},\\\"scope\\\":\\\"markup.changed\\\"},{\\\"settings\\\":{\\\"foreground\\\":\\\"#6A9955\\\"},\\\"scope\\\":\\\"punctuation.definition.quote.begin.markdown\\\"},{\\\"settings\\\":{\\\"foreground\\\":\\\"#6796e6\\\"},\\\"scope\\\":\\\"punctuation.definition.list.begin.markdown\\\"},{\\\"settings\\\":{\\\"foreground\\\":\\\"#ce9178\\\"},\\\"scope\\\":\\\"markup.inline.raw\\\"},{\\\"settings\\\":{\\\"foreground\\\":\\\"#808080\\\"},\\\"scope\\\":\\\"punctuation.definition.tag\\\"},{\\\"settings\\\":{\\\"foreground\\\":\\\"#569cd6\\\"},\\\"scope\\\":[\\\"meta.preprocessor\\\",\\\"entity.name.function.preprocessor\\\"]},{\\\"settings\\\":{\\\"foreground\\\":\\\"#ce9178\\\"},\\\"scope\\\":\\\"meta.preprocessor.string\\\"},{\\\"settings\\\":{\\\"foreground\\\":\\\"#b5cea8\\\"},\\\"scope\\\":\\\"meta.preprocessor.numeric\\\"},{\\\"settings\\\":{\\\"foreground\\\":\\\"#9cdcfe\\\"},\\\"scope\\\":\\\"meta.structure.dictionary.key.python\\\"},{\\\"settings\\\":{\\\"foreground\\\":\\\"#569cd6\\\"},\\\"scope\\\":\\\"meta.diff.header\\\"},{\\\"settings\\\":{\\\"foreground\\\":\\\"#569cd6\\\"},\\\"scope\\\":\\\"storage\\\"},{\\\"settings\\\":{\\\"foreground\\\":\\\"#569cd6\\\"},\\\"scope\\\":\\\"storage.type\\\"},{\\\"settings\\\":{\\\"foreground\\\":\\\"#569cd6\\\"},\\\"scope\\\":[\\\"storage.modifier\\\",\\\"keyword.operator.noexcept\\\"]},{\\\"settings\\\":{\\\"foreground\\\":\\\"#ce9178\\\"},\\\"scope\\\":[\\\"string\\\",\\\"meta.embedded.assembly\\\"]},{\\\"settings\\\":{\\\"foreground\\\":\\\"#ce9178\\\"},\\\"scope\\\":\\\"string.tag\\\"},{\\\"settings\\\":{\\\"foreground\\\":\\\"#ce9178\\\"},\\\"scope\\\":\\\"string.value\\\"},{\\\"settings\\\":{\\\"foreground\\\":\\\"#d16969\\\"},\\\"scope\\\":\\\"string.regexp\\\"},{\\\"settings\\\":{\\\"foreground\\\":\\\"#569cd6\\\"},\\\"scope\\\":[\\\"punctuation.definition.template-expression.begin\\\",\\\"punctuation.definition.template-expression.end\\\",\\\"punctuation.section.embedded\\\"]},{\\\"settings\\\":{\\\"foreground\\\":\\\"#d4d4d4\\\"},\\\"scope\\\":[\\\"meta.template.expression\\\"]},{\\\"settings\\\":{\\\"foreground\\\":\\\"#9cdcfe\\\"},\\\"scope\\\":[\\\"support.type.vendored.property-name\\\",\\\"support.type.property-name\\\",\\\"source.css variable\\\",\\\"source.coffee.embedded\\\"]},{\\\"settings\\\":{\\\"foreground\\\":\\\"#569cd6\\\"},\\\"scope\\\":\\\"keyword\\\"},{\\\"settings\\\":{\\\"foreground\\\":\\\"#569cd6\\\"},\\\"scope\\\":\\\"keyword.control\\\"},{\\\"settings\\\":{\\\"foreground\\\":\\\"#d4d4d4\\\"},\\\"scope\\\":\\\"keyword.operator\\\"},{\\\"settings\\\":{\\\"foreground\\\":\\\"#569cd6\\\"},\\\"scope\\\":[\\\"keyword.operator.new\\\",\\\"keyword.operator.expression\\\",\\\"keyword.operator.cast\\\",\\\"keyword.operator.sizeof\\\",\\\"keyword.operator.alignof\\\",\\\"keyword.operator.typeid\\\",\\\"keyword.operator.alignas\\\",\\\"keyword.operator.instanceof\\\",\\\"keyword.operator.logical.python\\\",\\\"keyword.operator.wordlike\\\"]},{\\\"settings\\\":{\\\"foreground\\\":\\\"#b5cea8\\\"},\\\"scope\\\":\\\"keyword.other.unit\\\"},{\\\"settings\\\":{\\\"foreground\\\":\\\"#569cd6\\\"},\\\"scope\\\":[\\\"punctuation.section.embedded.begin.php\\\",\\\"punctuation.section.embedded.end.php\\\"]},{\\\"settings\\\":{\\\"foreground\\\":\\\"#9cdcfe\\\"},\\\"scope\\\":\\\"support.function.git-rebase\\\"},{\\\"settings\\\":{\\\"foreground\\\":\\\"#b5cea8\\\"},\\\"scope\\\":\\\"constant.sha.git-rebase\\\"},{\\\"settings\\\":{\\\"foreground\\\":\\\"#d4d4d4\\\"},\\\"scope\\\":[\\\"storage.modifier.import.java\\\",\\\"variable.language.wildcard.java\\\",\\\"storage.modifier.package.java\\\"]},{\\\"settings\\\":{\\\"foreground\\\":\\\"#569cd6\\\"},\\\"scope\\\":\\\"variable.language\\\"},{\\\"settings\\\":{\\\"foreground\\\":\\\"#DCDCAA\\\"},\\\"scope\\\":[\\\"entity.name.function\\\",\\\"support.function\\\",\\\"support.constant.handlebars\\\",\\\"source.powershell variable.other.member\\\",\\\"entity.name.operator.custom-literal\\\"]},{\\\"settings\\\":{\\\"foreground\\\":\\\"#4EC9B0\\\"},\\\"scope\\\":[\\\"support.class\\\",\\\"support.type\\\",\\\"entity.name.type\\\",\\\"entity.name.namespace\\\",\\\"entity.other.attribute\\\",\\\"entity.name.scope-resolution\\\",\\\"entity.name.class\\\",\\\"storage.type.numeric.go\\\",\\\"storage.type.byte.go\\\",\\\"storage.type.boolean.go\\\",\\\"storage.type.string.go\\\",\\\"storage.type.uintptr.go\\\",\\\"storage.type.error.go\\\",\\\"storage.type.rune.go\\\",\\\"storage.type.cs\\\",\\\"storage.type.generic.cs\\\",\\\"storage.type.modifier.cs\\\",\\\"storage.type.variable.cs\\\",\\\"storage.type.annotation.java\\\",\\\"storage.type.generic.java\\\",\\\"storage.type.java\\\",\\\"storage.type.object.array.java\\\",\\\"storage.type.primitive.array.java\\\",\\\"storage.type.primitive.java\\\",\\\"storage.type.token.java\\\",\\\"storage.type.groovy\\\",\\\"storage.type.annotation.groovy\\\",\\\"storage.type.parameters.groovy\\\",\\\"storage.type.generic.groovy\\\",\\\"storage.type.object.array.groovy\\\",\\\"storage.type.primitive.array.groovy\\\",\\\"storage.type.primitive.groovy\\\"]},{\\\"settings\\\":{\\\"foreground\\\":\\\"#4EC9B0\\\"},\\\"scope\\\":[\\\"meta.type.cast.expr\\\",\\\"meta.type.new.expr\\\",\\\"support.constant.math\\\",\\\"support.constant.dom\\\",\\\"support.constant.json\\\",\\\"entity.other.inherited-class\\\",\\\"punctuation.separator.namespace.ruby\\\"]},{\\\"settings\\\":{\\\"foreground\\\":\\\"#C586C0\\\"},\\\"scope\\\":[\\\"keyword.control\\\",\\\"source.cpp keyword.operator.new\\\",\\\"keyword.operator.delete\\\",\\\"keyword.other.using\\\",\\\"keyword.other.directive.using\\\",\\\"keyword.other.operator\\\",\\\"entity.name.operator\\\"]},{\\\"settings\\\":{\\\"foreground\\\":\\\"#9CDCFE\\\"},\\\"scope\\\":[\\\"variable\\\",\\\"meta.definition.variable.name\\\",\\\"support.variable\\\",\\\"entity.name.variable\\\",\\\"constant.other.placeholder\\\"]},{\\\"settings\\\":{\\\"foreground\\\":\\\"#4FC1FF\\\"},\\\"scope\\\":[\\\"variable.other.constant\\\",\\\"variable.other.enummember\\\"]},{\\\"settings\\\":{\\\"foreground\\\":\\\"#9CDCFE\\\"},\\\"scope\\\":[\\\"meta.object-literal.key\\\"]},{\\\"settings\\\":{\\\"foreground\\\":\\\"#CE9178\\\"},\\\"scope\\\":[\\\"support.constant.property-value\\\",\\\"support.constant.font-name\\\",\\\"support.constant.media-type\\\",\\\"support.constant.media\\\",\\\"constant.other.color.rgb-value\\\",\\\"constant.other.rgb-value\\\",\\\"support.constant.color\\\"]},{\\\"settings\\\":{\\\"foreground\\\":\\\"#CE9178\\\"},\\\"scope\\\":[\\\"punctuation.definition.group.regexp\\\",\\\"punctuation.definition.group.assertion.regexp\\\",\\\"punctuation.definition.character-class.regexp\\\",\\\"punctuation.character.set.begin.regexp\\\",\\\"punctuation.character.set.end.regexp\\\",\\\"keyword.operator.negation.regexp\\\",\\\"support.other.parenthesis.regexp\\\"]},{\\\"settings\\\":{\\\"foreground\\\":\\\"#d16969\\\"},\\\"scope\\\":[\\\"constant.character.character-class.regexp\\\",\\\"constant.other.character-class.set.regexp\\\",\\\"constant.other.character-class.regexp\\\",\\\"constant.character.set.regexp\\\"]},{\\\"settings\\\":{\\\"foreground\\\":\\\"#DCDCAA\\\"},\\\"scope\\\":[\\\"keyword.operator.or.regexp\\\",\\\"keyword.control.anchor.regexp\\\"]},{\\\"settings\\\":{\\\"foreground\\\":\\\"#d7ba7d\\\"},\\\"scope\\\":\\\"keyword.operator.quantifier.regexp\\\"},{\\\"settings\\\":{\\\"foreground\\\":\\\"#569cd6\\\"},\\\"scope\\\":[\\\"constant.character\\\",\\\"constant.other.option\\\"]},{\\\"settings\\\":{\\\"foreground\\\":\\\"#d7ba7d\\\"},\\\"scope\\\":\\\"constant.character.escape\\\"},{\\\"settings\\\":{\\\"foreground\\\":\\\"#C8C8C8\\\"},\\\"scope\\\":\\\"entity.name.label\\\"}],\\\"semanticTokenRules\\\":[{\\\"_selector\\\":\\\"newOperator\\\",\\\"_style\\\":{\\\"_foreground\\\":\\\"#d4d4d4\\\",\\\"_bold\\\":null,\\\"_underline\\\":null,\\\"_italic\\\":null,\\\"_strikethrough\\\":null}},{\\\"_selector\\\":\\\"stringLiteral\\\",\\\"_style\\\":{\\\"_foreground\\\":\\\"#ce9178\\\",\\\"_bold\\\":null,\\\"_underline\\\":null,\\\"_italic\\\":null,\\\"_strikethrough\\\":null}},{\\\"_selector\\\":\\\"customLiteral\\\",\\\"_style\\\":{\\\"_foreground\\\":\\\"#d4d4d4\\\",\\\"_bold\\\":null,\\\"_underline\\\":null,\\\"_italic\\\":null,\\\"_strikethrough\\\":null}},{\\\"_selector\\\":\\\"numberLiteral\\\",\\\"_style\\\":{\\\"_foreground\\\":\\\"#b5cea8\\\",\\\"_bold\\\":null,\\\"_underline\\\":null,\\\"_italic\\\":null,\\\"_strikethrough\\\":null}},{\\\"_selector\\\":\\\"newOperator\\\",\\\"_style\\\":{\\\"_foreground\\\":\\\"#c586c0\\\",\\\"_bold\\\":null,\\\"_underline\\\":null,\\\"_italic\\\":null,\\\"_strikethrough\\\":null}},{\\\"_selector\\\":\\\"stringLiteral\\\",\\\"_style\\\":{\\\"_foreground\\\":\\\"#ce9178\\\",\\\"_bold\\\":null,\\\"_underline\\\":null,\\\"_italic\\\":null,\\\"_strikethrough\\\":null}},{\\\"_selector\\\":\\\"customLiteral\\\",\\\"_style\\\":{\\\"_foreground\\\":\\\"#dcdcaa\\\",\\\"_bold\\\":null,\\\"_underline\\\":null,\\\"_italic\\\":null,\\\"_strikethrough\\\":null}},{\\\"_selector\\\":\\\"numberLiteral\\\",\\\"_style\\\":{\\\"_foreground\\\":\\\"#b5cea8\\\",\\\"_bold\\\":null,\\\"_underline\\\":null,\\\"_italic\\\":null,\\\"_strikethrough\\\":null}}],\\\"extensionData\\\":{\\\"_extensionId\\\":\\\"vscode.theme-defaults\\\",\\\"_extensionIsBuiltin\\\":true,\\\"_extensionName\\\":\\\"theme-defaults\\\",\\\"_extensionPublisher\\\":\\\"vscode\\\"},\\\"themeSemanticHighlighting\\\":true,\\\"colorMap\\\":{\\\"checkbox.border\\\":\\\"#3c3c3c\\\",\\\"editor.background\\\":\\\"#1f1f1f\\\",\\\"editor.foreground\\\":\\\"#cccccc\\\",\\\"editor.inactiveSelectionBackground\\\":\\\"#3a3d41\\\",\\\"editorIndentGuide.background1\\\":\\\"#404040\\\",\\\"editorIndentGuide.activeBackground1\\\":\\\"#707070\\\",\\\"editor.selectionHighlightBackground\\\":\\\"#add6ff26\\\",\\\"list.dropBackground\\\":\\\"#383b3d\\\",\\\"activityBarBadge.background\\\":\\\"#0078d4\\\",\\\"sideBarTitle.foreground\\\":\\\"#cccccc\\\",\\\"input.placeholderForeground\\\":\\\"#989898\\\",\\\"menu.background\\\":\\\"#1f1f1f\\\",\\\"menu.foreground\\\":\\\"#cccccc\\\",\\\"menu.separatorBackground\\\":\\\"#454545\\\",\\\"menu.border\\\":\\\"#454545\\\",\\\"menu.selectionBackground\\\":\\\"#0078d4\\\",\\\"statusBarItem.remoteForeground\\\":\\\"#ffffff\\\",\\\"statusBarItem.remoteBackground\\\":\\\"#0078d4\\\",\\\"ports.iconRunningProcessForeground\\\":\\\"#369432\\\",\\\"sideBarSectionHeader.background\\\":\\\"#181818\\\",\\\"sideBarSectionHeader.border\\\":\\\"#2b2b2b\\\",\\\"tab.selectedBackground\\\":\\\"#222222\\\",\\\"tab.selectedForeground\\\":\\\"#ffffffa0\\\",\\\"tab.lastPinnedBorder\\\":\\\"#cccccc33\\\",\\\"list.activeSelectionIconForeground\\\":\\\"#ffffff\\\",\\\"terminal.inactiveSelectionBackground\\\":\\\"#3a3d41\\\",\\\"widget.border\\\":\\\"#313131\\\",\\\"actionBar.toggledBackground\\\":\\\"#383a49\\\",\\\"activityBar.activeBorder\\\":\\\"#0078d4\\\",\\\"activityBar.background\\\":\\\"#181818\\\",\\\"activityBar.border\\\":\\\"#2b2b2b\\\",\\\"activityBar.foreground\\\":\\\"#d7d7d7\\\",\\\"activityBar.inactiveForeground\\\":\\\"#868686\\\",\\\"activityBarBadge.foreground\\\":\\\"#ffffff\\\",\\\"badge.background\\\":\\\"#616161\\\",\\\"badge.foreground\\\":\\\"#f8f8f8\\\",\\\"button.background\\\":\\\"#0078d4\\\",\\\"button.border\\\":\\\"#ffffff12\\\",\\\"button.foreground\\\":\\\"#ffffff\\\",\\\"button.hoverBackground\\\":\\\"#026ec1\\\",\\\"button.secondaryBackground\\\":\\\"#313131\\\",\\\"button.secondaryForeground\\\":\\\"#cccccc\\\",\\\"button.secondaryHoverBackground\\\":\\\"#3c3c3c\\\",\\\"chat.slashCommandBackground\\\":\\\"#26477866\\\",\\\"chat.slashCommandForeground\\\":\\\"#85b6ff\\\",\\\"chat.editedFileForeground\\\":\\\"#e2c08d\\\",\\\"checkbox.background\\\":\\\"#313131\\\",\\\"debugToolBar.background\\\":\\\"#181818\\\",\\\"descriptionForeground\\\":\\\"#9d9d9d\\\",\\\"dropdown.background\\\":\\\"#313131\\\",\\\"dropdown.border\\\":\\\"#3c3c3c\\\",\\\"dropdown.foreground\\\":\\\"#cccccc\\\",\\\"dropdown.listBackground\\\":\\\"#1f1f1f\\\",\\\"editor.findMatchBackground\\\":\\\"#9e6a03\\\",\\\"editorGroup.border\\\":\\\"#ffffff17\\\",\\\"editorGroupHeader.tabsBackground\\\":\\\"#181818\\\",\\\"editorGroupHeader.tabsBorder\\\":\\\"#2b2b2b\\\",\\\"editorGutter.addedBackground\\\":\\\"#2ea043\\\",\\\"editorGutter.deletedBackground\\\":\\\"#f85149\\\",\\\"editorGutter.modifiedBackground\\\":\\\"#0078d4\\\",\\\"editorLineNumber.activeForeground\\\":\\\"#cccccc\\\",\\\"editorLineNumber.foreground\\\":\\\"#6e7681\\\",\\\"editorOverviewRuler.border\\\":\\\"#010409\\\",\\\"editorWidget.background\\\":\\\"#202020\\\",\\\"errorForeground\\\":\\\"#f85149\\\",\\\"focusBorder\\\":\\\"#0078d4\\\",\\\"foreground\\\":\\\"#cccccc\\\",\\\"icon.foreground\\\":\\\"#cccccc\\\",\\\"input.background\\\":\\\"#313131\\\",\\\"input.border\\\":\\\"#3c3c3c\\\",\\\"input.foreground\\\":\\\"#cccccc\\\",\\\"inputOption.activeBackground\\\":\\\"#2489db82\\\",\\\"inputOption.activeBorder\\\":\\\"#2488db\\\",\\\"keybindingLabel.foreground\\\":\\\"#cccccc\\\",\\\"notificationCenterHeader.background\\\":\\\"#1f1f1f\\\",\\\"notificationCenterHeader.foreground\\\":\\\"#cccccc\\\",\\\"notifications.background\\\":\\\"#1f1f1f\\\",\\\"notifications.border\\\":\\\"#2b2b2b\\\",\\\"notifications.foreground\\\":\\\"#cccccc\\\",\\\"panel.background\\\":\\\"#181818\\\",\\\"panel.border\\\":\\\"#2b2b2b\\\",\\\"panelInput.border\\\":\\\"#2b2b2b\\\",\\\"panelTitle.activeBorder\\\":\\\"#0078d4\\\",\\\"panelTitle.activeForeground\\\":\\\"#cccccc\\\",\\\"panelTitle.inactiveForeground\\\":\\\"#9d9d9d\\\",\\\"peekViewEditor.background\\\":\\\"#1f1f1f\\\",\\\"peekViewEditor.matchHighlightBackground\\\":\\\"#bb800966\\\",\\\"peekViewResult.background\\\":\\\"#1f1f1f\\\",\\\"peekViewResult.matchHighlightBackground\\\":\\\"#bb800966\\\",\\\"pickerGroup.border\\\":\\\"#3c3c3c\\\",\\\"progressBar.background\\\":\\\"#0078d4\\\",\\\"quickInput.background\\\":\\\"#222222\\\",\\\"quickInput.foreground\\\":\\\"#cccccc\\\",\\\"settings.dropdownBackground\\\":\\\"#313131\\\",\\\"settings.dropdownBorder\\\":\\\"#3c3c3c\\\",\\\"settings.headerForeground\\\":\\\"#ffffff\\\",\\\"settings.modifiedItemIndicator\\\":\\\"#bb800966\\\",\\\"sideBar.background\\\":\\\"#181818\\\",\\\"sideBar.border\\\":\\\"#2b2b2b\\\",\\\"sideBar.foreground\\\":\\\"#cccccc\\\",\\\"sideBarSectionHeader.foreground\\\":\\\"#cccccc\\\",\\\"statusBar.background\\\":\\\"#181818\\\",\\\"statusBar.border\\\":\\\"#2b2b2b\\\",\\\"statusBar.debuggingBackground\\\":\\\"#0078d4\\\",\\\"statusBar.debuggingForeground\\\":\\\"#ffffff\\\",\\\"statusBar.focusBorder\\\":\\\"#0078d4\\\",\\\"statusBar.foreground\\\":\\\"#cccccc\\\",\\\"statusBar.noFolderBackground\\\":\\\"#1f1f1f\\\",\\\"statusBarItem.focusBorder\\\":\\\"#0078d4\\\",\\\"statusBarItem.prominentBackground\\\":\\\"#6e768166\\\",\\\"tab.activeBackground\\\":\\\"#1f1f1f\\\",\\\"tab.activeBorder\\\":\\\"#1f1f1f\\\",\\\"tab.activeBorderTop\\\":\\\"#0078d4\\\",\\\"tab.activeForeground\\\":\\\"#ffffff\\\",\\\"tab.selectedBorderTop\\\":\\\"#6caddf\\\",\\\"tab.border\\\":\\\"#2b2b2b\\\",\\\"tab.hoverBackground\\\":\\\"#1f1f1f\\\",\\\"tab.inactiveBackground\\\":\\\"#181818\\\",\\\"tab.inactiveForeground\\\":\\\"#9d9d9d\\\",\\\"tab.unfocusedActiveBorder\\\":\\\"#1f1f1f\\\",\\\"tab.unfocusedActiveBorderTop\\\":\\\"#2b2b2b\\\",\\\"tab.unfocusedHoverBackground\\\":\\\"#1f1f1f\\\",\\\"terminal.foreground\\\":\\\"#cccccc\\\",\\\"terminal.tab.activeBorder\\\":\\\"#0078d4\\\",\\\"textBlockQuote.background\\\":\\\"#2b2b2b\\\",\\\"textBlockQuote.border\\\":\\\"#616161\\\",\\\"textCodeBlock.background\\\":\\\"#2b2b2b\\\",\\\"textLink.activeForeground\\\":\\\"#4daafc\\\",\\\"textLink.foreground\\\":\\\"#4daafc\\\",\\\"textPreformat.foreground\\\":\\\"#d0d0d0\\\",\\\"textPreformat.background\\\":\\\"#3c3c3c\\\",\\\"textSeparator.foreground\\\":\\\"#21262d\\\",\\\"titleBar.activeBackground\\\":\\\"#181818\\\",\\\"titleBar.activeForeground\\\":\\\"#cccccc\\\",\\\"titleBar.border\\\":\\\"#2b2b2b\\\",\\\"titleBar.inactiveBackground\\\":\\\"#1f1f1f\\\",\\\"titleBar.inactiveForeground\\\":\\\"#9d9d9d\\\",\\\"welcomePage.tileBackground\\\":\\\"#2b2b2b\\\",\\\"welcomePage.progress.foreground\\\":\\\"#0078d4\\\"},\\\"watch\\\":false}\"},\"~remote.forwardedPortsContainer.hidden\":{\"version\":1,\"value\":\"[{\\\"id\\\":\\\"~remote.forwardedPorts\\\",\\\"isHidden\\\":false}]\"},\"workbench.telemetryOptOutShown\":{\"version\":1,\"value\":\"true\"}}}"}}