{"version":1,"resource":"vscode-userdata:/c%3A/Users/Admin/AppData/Roaming/Code/User/profiles/-18d300cd/settings.json","entries":[{"id":"fAS3.json","timestamp":1750387141413},{"id":"WKCf.json","timestamp":1750387347372},{"id":"Ub5q.json","timestamp":1750387420408},{"id":"RoTx.json","timestamp":1750387433910},{"id":"XF0q.json","timestamp":1750387568450},{"id":"yXzG.json","timestamp":1750387578666},{"id":"0EYx.json","timestamp":1750391982994},{"id":"gGYM.json","timestamp":1750392021506},{"id":"2Tx5.json","timestamp":1750392033275},{"id":"GI6y.json","timestamp":1750392055890},{"id":"hIoi.json","timestamp":1750392090616},{"id":"TYUR.json","timestamp":1750392102733}]}