[{"identifier":{"id":"divyanshuagrawal.competitive-programming-helper","uuid":"28579c42-9973-4b79-9a1e-76431ea4bc1f"},"version":"2025.5.1746344159","location":{"$mid":1,"path":"/c:/Users/Admin/.vscode/extensions/divyanshuagrawal.competitive-programming-helper-2025.5.1746344159","scheme":"file"},"relativeLocation":"divyanshuagrawal.competitive-programming-helper-2025.5.1746344159","metadata":{"installedTimestamp":1750385447043,"pinned":false,"source":"gallery","id":"28579c42-9973-4b79-9a1e-76431ea4bc1f","publisherId":"75852e6b-d787-4a70-a33d-4c7fe2015359","publisherDisplayName":"Divyanshu Agrawal","targetPlatform":"undefined","updated":false,"private":false,"isPreReleaseVersion":false,"hasPreReleaseVersion":false,"preRelease":false}},{"identifier":{"id":"miguelsolorio.fluent-icons","uuid":"41aac8eb-b4f4-408d-9708-320d033a17f8"},"version":"0.0.19","location":{"$mid":1,"path":"/c:/Users/Admin/.vscode/extensions/miguelsolorio.fluent-icons-0.0.19","scheme":"file"},"relativeLocation":"miguelsolorio.fluent-icons-0.0.19","metadata":{"installedTimestamp":1750385447043,"pinned":false,"source":"gallery","id":"41aac8eb-b4f4-408d-9708-320d033a17f8","publisherId":"f1903af7-ceb4-410f-b269-cd514b33bea2","publisherDisplayName":"Miguel Solorio","targetPlatform":"undefined","updated":false,"private":false,"isPreReleaseVersion":false,"hasPreReleaseVersion":false,"preRelease":false}},{"identifier":{"id":"formulahendry.code-runner","uuid":"a6a0c5b2-d078-4bf5-a9ee-4e37054414b3"},"version":"0.12.2","location":{"$mid":1,"path":"/c:/Users/Admin/.vscode/extensions/formulahendry.code-runner-0.12.2","scheme":"file"},"relativeLocation":"formulahendry.code-runner-0.12.2","metadata":{"installedTimestamp":1750385447043,"pinned":false,"source":"gallery","id":"a6a0c5b2-d078-4bf5-a9ee-4e37054414b3","publisherId":"38bbe3f0-5204-4170-845e-c2f966d979b8","publisherDisplayName":"Jun Han","targetPlatform":"undefined","updated":false,"private":false,"isPreReleaseVersion":false,"hasPreReleaseVersion":false,"preRelease":false}},{"identifier":{"id":"miguelsolorio.symbols","uuid":"cb54c3b9-1c64-4c4a-8b5a-887270ffe4b6"},"version":"0.0.24","location":{"$mid":1,"path":"/c:/Users/Admin/.vscode/extensions/miguelsolorio.symbols-0.0.24","scheme":"file"},"relativeLocation":"miguelsolorio.symbols-0.0.24","metadata":{"installedTimestamp":1750385447043,"pinned":false,"source":"gallery","id":"cb54c3b9-1c64-4c4a-8b5a-887270ffe4b6","publisherId":"f1903af7-ceb4-410f-b269-cd514b33bea2","publisherDisplayName":"Miguel Solorio","targetPlatform":"undefined","updated":false,"private":false,"isPreReleaseVersion":false,"hasPreReleaseVersion":false,"preRelease":false}},{"identifier":{"id":"christian-kohler.path-intellisense","uuid":"a41c1549-4053-44d4-bf30-60fc809b4a86"},"version":"2.10.0","location":{"$mid":1,"path":"/c:/Users/Admin/.vscode/extensions/christian-kohler.path-intellisense-2.10.0","scheme":"file"},"relativeLocation":"christian-kohler.path-intellisense-2.10.0","metadata":{"installedTimestamp":1750385447043,"pinned":false,"source":"gallery","id":"a41c1549-4053-44d4-bf30-60fc809b4a86","publisherId":"a892fb38-060b-475f-9e73-2e06a8a17a68","publisherDisplayName":"Christian Kohler","targetPlatform":"undefined","updated":false,"private":false,"isPreReleaseVersion":false,"hasPreReleaseVersion":false,"preRelease":false}},{"identifier":{"id":"ms-python.python","uuid":"f1f59ae4-9318-4f3c-a9b5-81b2eaa5f8a5"},"version":"2025.8.0","location":{"$mid":1,"path":"/c:/Users/Admin/.vscode/extensions/ms-python.python-2025.8.0-win32-x64","scheme":"file"},"relativeLocation":"ms-python.python-2025.8.0-win32-x64","metadata":{"installedTimestamp":1750385447043,"pinned":false,"source":"gallery","id":"f1f59ae4-9318-4f3c-a9b5-81b2eaa5f8a5","publisherId":"998b010b-e2af-44a5-a6cd-0b5fd3b9b6f8","publisherDisplayName":"Microsoft","targetPlatform":"win32-x64","updated":false,"private":false,"isPreReleaseVersion":false,"hasPreReleaseVersion":false,"preRelease":false}},{"identifier":{"id":"tomoki1207.pdf","uuid":"6db08635-0c6a-45ba-9a4b-8c3e192c63c2"},"version":"1.2.2","location":{"$mid":1,"path":"/c:/Users/Admin/.vscode/extensions/tomoki1207.pdf-1.2.2","scheme":"file"},"relativeLocation":"tomoki1207.pdf-1.2.2","metadata":{"installedTimestamp":1750385447043,"pinned":false,"source":"gallery","id":"6db08635-0c6a-45ba-9a4b-8c3e192c63c2","publisherId":"36dae390-559e-4374-bca8-a49ec1616c36","publisherDisplayName":"tomoki1207","targetPlatform":"undefined","updated":false,"private":false,"isPreReleaseVersion":false,"hasPreReleaseVersion":false,"preRelease":false}},{"identifier":{"id":"redhat.java","uuid":"198a707e-28af-4e84-8610-6e2f628dd12d"},"version":"1.42.0","location":{"$mid":1,"path":"/c:/Users/Admin/.vscode/extensions/redhat.java-1.42.0-win32-x64","scheme":"file"},"relativeLocation":"redhat.java-1.42.0-win32-x64","metadata":{"installedTimestamp":1750385447043,"pinned":false,"source":"gallery","id":"198a707e-28af-4e84-8610-6e2f628dd12d","publisherId":"eed56242-9699-4317-8bc7-e9f4b9bdd3ff","publisherDisplayName":"Red Hat","targetPlatform":"win32-x64","updated":false,"private":false,"isPreReleaseVersion":false,"hasPreReleaseVersion":false,"preRelease":false}},{"identifier":{"id":"guyutongxue.cpp-reference","uuid":"aad6f61c-e4ed-4c3f-a823-307be9931d0e"},"version":"0.2.5","location":{"$mid":1,"path":"/c:/Users/Admin/.vscode/extensions/guyutongxue.cpp-reference-0.2.5","scheme":"file"},"relativeLocation":"guyutongxue.cpp-reference-0.2.5","metadata":{"installedTimestamp":1750387898177,"pinned":false,"source":"gallery","id":"aad6f61c-e4ed-4c3f-a823-307be9931d0e","publisherId":"db7b76f4-7a50-4992-a312-7fa93a4ba447","publisherDisplayName":"Guyutongxue","targetPlatform":"undefined","updated":false,"private":false,"isPreReleaseVersion":false,"hasPreReleaseVersion":false}},{"identifier":{"id":"ms-python.black-formatter","uuid":"859e640c-c157-47da-8699-9080b81c8371"},"version":"2025.2.0","location":{"$mid":1,"path":"/c:/Users/Admin/.vscode/extensions/ms-python.black-formatter-2025.2.0","scheme":"file"},"relativeLocation":"ms-python.black-formatter-2025.2.0","metadata":{"installedTimestamp":1750391541001,"pinned":false,"source":"gallery","id":"859e640c-c157-47da-8699-9080b81c8371","publisherId":"998b010b-e2af-44a5-a6cd-0b5fd3b9b6f8","publisherDisplayName":"Microsoft","targetPlatform":"undefined","updated":false,"private":false,"isPreReleaseVersion":false,"hasPreReleaseVersion":false}},{"identifier":{"id":"ms-vscode.cpptools"},"version":"1.26.2","location":{"$mid":1,"fsPath":"c:\\Users\\Admin\\.vscode\\extensions\\ms-vscode.cpptools-1.26.2-win32-x64","_sep":1,"external":"file:///c%3A/Users/Admin/.vscode/extensions/ms-vscode.cpptools-1.26.2-win32-x64","path":"/c:/Users/Admin/.vscode/extensions/ms-vscode.cpptools-1.26.2-win32-x64","scheme":"file"},"relativeLocation":"ms-vscode.cpptools-1.26.2-win32-x64","metadata":{"isApplicationScoped":false,"isMachineScoped":false,"isBuiltin":false,"installedTimestamp":1750391571039,"pinned":false,"source":"gallery","id":"690b692e-e8a9-493f-b802-8089d50ac1b2","publisherId":"5f5636e7-69ed-4afe-b5d6-8d231fb3d3ee","publisherDisplayName":"Microsoft","targetPlatform":"win32-x64","updated":true,"private":false,"isPreReleaseVersion":true,"hasPreReleaseVersion":true,"preRelease":true}}]