[ // @author josuerom
   {
   "key": "shift shift",
   "command": "workbench.action.toggleSidebarVisibility",
   },
   {
   "key": "ctrl+b",
   "command": "-workbench.action.toggleSidebarVisibility",
   },
   {
   "key": "n",
   "command": "explorer.newFile",
   "when": "explorerViewletVisible && filesExplorerFocus && !explorerResourceReadonly && !inputFocus"
   },
   {
   "key": "ctrl+alt+d",
   "command": "-cph.judgeView.focus"
   },
   {
   "key": "ctrl+alt+m",
   "command": "code-runner.runByLanguage"
   },
   {
   "key": "ctrl+alt+j",
   "command": "-code-runner.runByLanguage"
   },
   {
   "key": "ctrl+alt+m",
   "command": "-code-runner.stop"
   },
   {
   "key": "ctrl+alt+c",
   "command": "code-runner.stop"
   },
   {
   "key": "ctrl+alt+k",
   "command": "-code-runner.runCustomCommand"
   },
   {
   "key": "ctrl+alt+f",
   "command": "editor.action.formatDocument",
   "when": "editorHasDocumentFormattingProvider && editorTextFocus && !editorReadonly && !inCompositeEditor"
   },
   {
   "key": "shift+alt+f",
   "command": "-editor.action.formatDocument",
   "when": "editorHasDocumentFormattingProvider && editorTextFocus && !editorReadonly && !inCompositeEditor"
   },
   {
   "key": "ctrl+shift+z",
   "command": "cph.judgeView.focus"
   },
   {
   "key": "ctrl+alt+enter",
   "command": "catalyst.runAllTestCases"
   },
   {
   "key": "ctrl+enter",
   "command": "-catalyst.runAllTestCases"
   },
   {
   "key": "ctrl+oem_7",
   "command": "editor.action.blockComment",
   "when": "editorTextFocus && !editorReadonly"
   },
   {
   "key": "shift+alt+a",
   "command": "-editor.action.blockComment",
   "when": "editorTextFocus && !editorReadonly"
   },
   {
   "key": "ctrl+shift+oem_comma",
   "command": "workbench.action.openSettingsJson"
   },
   {
   "key": "ctrl+alt+oem_3",
   "command": "workbench.action.terminal.openNativeConsole",
   "when": "!terminalFocus"
   },
   {
   "key": "ctrl+shift+c",
   "command": "-workbench.action.terminal.openNativeConsole",
   "when": "!terminalFocus"
   },
   {
   "key": "ctrl+shift+oem_3",
   "command": "workbench.action.createTerminalEditorSide"
   },
   {
   "key": "ctrl+shift+oem_3",
   "command": "-workbench.action.terminal.new",
   "when": "terminalProcessSupported || terminalWebExtensionContributedProfile"
   },
   {
   "key": "ctrl+alt+v",
   "command": "code-runner.runCustomCommand"
   },
   {
   "key": "ctrl+shift+s ctrl+shift+p",
   "command": "workbench.profiles.actions.switchProfile",
   "when": "profiles.enabled"
   },
]